,area,title,community,position,tax,total_price,unit_price,hhid,link,hourseType,hourseSize,direction,fitment,level,buildTime
0,浦东,40平DIY阁楼，楼下实际使用面积63.9平，双南双阳台,潍坊二村,潍坊,房本满五年,468.0,77101.0,107107955642,https://sh.lianjia.com/ershoufang/107107955642.html,2室1厅,60.7,南,精装,高楼层(共6层),1979年
1,浦东,临港一年社保可买 电梯三房  尚师大,海汇清波苑,临港新城,房本满五年,139.0,13252.0,107109042399,https://sh.lianjia.com/ershoufang/107109042399.html,3室1厅,104.89,南,精装,中楼层(共11层),2008年
2,浦东,次新小区，电梯小高层，清水毛坯，双南飞机户型有钥匙,民乐城颐康名苑,惠南,,169.0,22305.0,107107632822,https://sh.lianjia.com/ershoufang/107107632822.html,2室2厅,75.77,南,毛坯,高楼层(共18层),2019年
3,浦东,前滩CBD+恒大社区+示范小区+人工湖+南北通+花园,恒大华城上河苑,杨思前滩,房本满五年,615.0,72902.0,107109106863,https://sh.lianjia.com/ershoufang/107109106863.html,2室2厅,84.36,南 北,简装,低楼层(共6层),2001年
4,浦东,富特三村 2室1厅 南,富特三村,外高桥,房本满五年,250.0,43745.0,107109501802,https://sh.lianjia.com/ershoufang/107109501802.html,2室1厅,57.15,南,精装,高楼层(共6层),1994年
5,浦东,南北直通户型，四个房间，看房方便，欢迎咨询,万邦都市花园,花木,房本满五年,1255.0,82317.0,107106902754,https://sh.lianjia.com/ershoufang/107106902754.html,4室2厅,152.46,南,毛坯,中楼层(共14层),2004年
6,浦东,4/14号线双轨交汇 建平西校 业主诚售 看房方便,梅园一街坊,梅园,房本满五年,330.0,87210.0,107109269804,https://sh.lianjia.com/ershoufang/107109269804.html,1室1厅,37.84,南,精装,中楼层(共6层),1984年
7,浦东,⭐⭐⭐⭐⭐荐：丽都成品大2房，文峰+3轨交+近森兰社区,丽都成品,金桥,,560.0,66755.0,107109681599,https://sh.lianjia.com/ershoufang/107109681599.html,2室2厅,83.89,南,精装,高楼层(共18层),2005年
8,浦东,急售！急售！楼层好！户型好！！！！,金桥新村一街坊,金桥,,293.0,42232.0,107108550410,https://sh.lianjia.com/ershoufang/107108550410.html,2室1厅,69.38,南,简装,低楼层(共6层),1994年
9,浦东,满五年，全明户型，视野开阔，采光充足，诚意出售,开发浦东,潍坊,房本满五年,485.0,63507.0,107109399750,https://sh.lianjia.com/ershoufang/107109399750.html,2室1厅,76.37,南,简装,高楼层(共25层),1987年
10,浦东,2012年新房龄 南北通透户型方正 业主诚心出售,海霞佳苑,川沙,房本满五年,248.0,29805.0,107108307094,https://sh.lianjia.com/ershoufang/107108307094.html,2室2厅,83.21,南 北,精装,低楼层(共6层),2012年
11,浦东,非顶层、采光好、居住舒适、交通便利、诚意急卖！！！,龙沟新苑,北蔡,房本满五年,255.0,51422.0,107108841520,https://sh.lianjia.com/ershoufang/107108841520.html,1室1厅,49.59,南,精装,高楼层(共6层),2005年
12,浦东,张江南 周浦东16号线 精致电梯一房一手动迁满五年,汇福家园兴盛里北,周浦,房本满五年,170.0,30004.0,107109560521,https://sh.lianjia.com/ershoufang/107109560521.html,1室1厅,56.66,南,毛坯,低楼层(共18层),2014年
13,浦东,海尚东苑 3室2厅 南,海尚东苑,曹路,房本满五年,488.0,41961.0,107109621847,https://sh.lianjia.com/ershoufang/107109621847.html,3室2厅,116.3,南,毛坯,低楼层(共18层),2011年
14,浦东,税少配套优采光好视野开阔南北通物业优,陆家嘴花园(一期),源深,房本满五年,1318.0,108710.0,107108881025,https://sh.lianjia.com/ershoufang/107108881025.html,3室2厅,121.24,南,简装,中楼层(共12层),1999年
15,浦东,次新小区 精美装修 理想中的未来小家,民乐城荣春苑北苑,惠南,,199.0,26805.0,107109155453,https://sh.lianjia.com/ershoufang/107109155453.html,2室1厅,74.24,南,精装,中楼层(共18层),暂无数据
16,浦东,满五年，税费少，高楼层，采光佳，业主诚意,梅园三街坊,梅园,房本满五年,395.0,132640.0,107109720167,https://sh.lianjia.com/ershoufang/107109720167.html,1室0厅,29.78,南,简装,高楼层(共6层),1985年
17,浦东,不满五精装修南北户型采光视野好,地杰国际城E欧泊时光,御桥,,740.0,77020.0,107109503444,https://sh.lianjia.com/ershoufang/107109503444.html,2室1厅,96.08,南,精装,中楼层(共26层),2007年
18,浦东,不靠路，楼层好，一梯两户，全明飞机户型，双轨交，,东方丽景,金桥,房本满五年,850.0,72594.0,107109507950,https://sh.lianjia.com/ershoufang/107109507950.html,3室2厅,117.09,南 北,精装,中楼层(共13层),2005年
19,浦东,精装修两年，带大阁楼 诚心出售，南北两房 视野好,锦绣汇丽苑,惠南,,169.0,27884.0,107109740688,https://sh.lianjia.com/ershoufang/107109740688.html,2室1厅,60.61,南 北,精装,高楼层(共6层),2007年
20,浦东,精装三房 ，楼层好，可拎包入住    华西,鸿基公寓,川沙,,420.0,32408.0,107109599886,https://sh.lianjia.com/ershoufang/107109599886.html,3室2厅,129.6,南,精装,中楼层(共6层),1998年
21,浦东,此房空关有钥匙随时可看户型方正，卧室朝西朝北采光好,瑞苑公寓,梅园,房本满五年,620.0,92732.0,107109727256,https://sh.lianjia.com/ershoufang/107109727256.html,1室1厅,66.86,北,精装,低楼层(共40层),2001年
22,浦东,店长力荐大两房，小区中间位置中间楼层,建中路126弄,张江,房本满五年,410.0,53919.0,107109716410,https://sh.lianjia.com/ershoufang/107109716410.html,2室1厅,76.04,南,精装,中楼层(共6层),1993年
23,浦东,满五 楼层好 电梯复式 视野好 配套设施齐全 交通便利,玉兰苑(川沙),川沙,房本满五年,430.0,32853.0,107109806011,https://sh.lianjia.com/ershoufang/107109806011.html,3室2厅,130.89,南,精装,中楼层(共18层),1999年
24,浦东,电梯两房   双南户型   急售好房   大区聚焦,金杨新村三街坊,金杨,房本满五年,320.0,53773.0,107109649958,https://sh.lianjia.com/ershoufang/107109649958.html,2室1厅,59.51,南,简装,低楼层(共7层),1995年
25,浦东,小户型南北两房，楼层好，双地铁，有钥匙随时看,巨东小区,洋泾,房本满五年,398.0,76998.0,107109324860,https://sh.lianjia.com/ershoufang/107109324860.html,2室0厅,51.69,南,简装,低楼层(共6层),1994年
26,浦东,劲爆好房：楼层好，紧俏一房，小户型的经典作品,丽都成品,金桥,房本满五年,328.0,62133.0,107108979060,https://sh.lianjia.com/ershoufang/107108979060.html,1室1厅,52.79,南,精装,低楼层(共18层),2005年
27,浦东,带花园 配套完善 交通便利（诚意出售1000万以内可谈）,森林湾公寓,洋泾,房本满五年,1098.0,102502.0,107109134335,https://sh.lianjia.com/ershoufang/107109134335.html,3室2厅,107.12,南,精装,低楼层(共6层),2001年
28,浦东,中间楼层采光充足，视野开阔，交通便利，配套设施齐全,金桥瑞仕花园,金杨,房本满五年,1388.0,113603.0,107108815483,https://sh.lianjia.com/ershoufang/107108815483.html,2室2厅,122.18,南,精装,中楼层(共12层),2008年
29,浦东,店长推荐！南北通风，采光无遮挡，视野开阔,汇福家园兴盛里北,周浦,房本满五年,370.0,41089.0,107109853754,https://sh.lianjia.com/ershoufang/107109853754.html,3室1厅,90.05,南,简装,中楼层(共18层),2014年
30,浦东,中间楼层【全明1房】小区中间位置，自住保养好,花木苑,花木,房本满五年,420.0,82564.0,107108715659,https://sh.lianjia.com/ershoufang/107108715659.html,1室1厅,50.87,南,简装,中楼层(共6层),2000年
31,浦东,新上满五年V一+精装修+视野好+看世纪公园+业主诚售,仁恒河滨城(一期),联洋,房本满五年,1100.0,125629.0,107109427231,https://sh.lianjia.com/ershoufang/107109427231.html,2室2厅,87.56,南,精装,中楼层(共26层),2005年
32,浦东,商品房 一梯两户 南北户型 满五年 总价低 有钥匙,金藤苑,金桥,房本满五年,288.0,45355.0,107109775803,https://sh.lianjia.com/ershoufang/107109775803.html,2室1厅,63.5,南,简装,高楼层(共6层),1997年
33,浦东,急卖中芯位置花园景观三房动静分离另有2个地库车位,金桥新城,金桥,房本满五年,899.0,69674.0,107109321153,https://sh.lianjia.com/ershoufang/107109321153.html,3室2厅,129.03,南,精装,中楼层(共11层),2004年
34,浦东,东方城市花园二期 全南户型  好楼层  好位置,东方城市花园(二期),南码头,房本满五年,690.0,88179.0,107109628463,https://sh.lianjia.com/ershoufang/107109628463.html,1室2厅,78.25,南,精装,中楼层(共24层),2005年
35,浦东,近地铁  楼层好   配套成熟  税费各付,上南八村,世博,,255.0,53673.0,107109648474,https://sh.lianjia.com/ershoufang/107109648474.html,2室1厅,47.51,南,简装,低楼层(共6层),1988年
36,浦东,总价低，14/4号线浦东大道站20米，全明户型，精装修，,荣成小区,梅园,房本满五年,225.0,68871.0,107109527794,https://sh.lianjia.com/ershoufang/107109527794.html,1室1厅,32.67,南,精装,高楼层(共7层),1987年
37,浦东,内环内世纪公园地铁口200米、00后钢混+现浇结构两房,六街坊小区,花木,房本满五年,658.0,78897.0,107109319949,https://sh.lianjia.com/ershoufang/107109319949.html,2室2厅,83.4,南,简装,高楼层(共6层),2000年
38,浦东,业主诚心卖，户型方正，免增值税，低总价低单价,锦绣汇丽苑,惠南,房本满五年,229.0,19363.0,107108688221,https://sh.lianjia.com/ershoufang/107108688221.html,3室2厅,118.27,南,精装,中楼层(共6层),2007年
39,浦东,一梯二户双南2房中间楼层随时看房,梓潼新村,周浦,房本满五年,199.0,35153.0,107108401132,https://sh.lianjia.com/ershoufang/107108401132.html,2室1厅,56.61,南,简装,低楼层(共6层),1989年
40,浦东,精装修两年+宜居房型+可拎包入住,上南山水苑,杨思前滩,房本满五年,498.0,57321.0,107109423414,https://sh.lianjia.com/ershoufang/107109423414.html,2室2厅,86.88,南,精装,低楼层(共6层),2001年
41,浦东,中间楼层，不靠路，中内环地段，业主诚意，钥匙房~,寺前浜,金杨,,210.0,39356.0,107109622690,https://sh.lianjia.com/ershoufang/107109622690.html,2室1厅,53.36,南 北,简装,中楼层(共6层),1984年
42,浦东,培花板块明星小区，五轨交汇，龙阳路CBD,培花久远公寓,北蔡,房本满五年,228.0,45257.0,107109689993,https://sh.lianjia.com/ershoufang/107109689993.html,1室1厅,50.38,南 北,精装,高楼层(共6层),1997年
43,浦东,近地铁+二号线+配套全+国际社区,唐人苑,唐镇,房本满五年,505.0,46886.0,107109869281,https://sh.lianjia.com/ershoufang/107109869281.html,3室1厅,107.71,南,精装,中楼层(共6层),2002年
44,浦东,张江南 小三房 全朝南 房东诚意出售随时看房,安康新村,周浦,房本满五年,288.0,31099.0,107107865143,https://sh.lianjia.com/ershoufang/107107865143.html,3室1厅,92.61,南 北,简装,中楼层(共6层),板楼
45,浦东,满五 高得房率 急售好房 临前滩 交通便利 配套完善,东方悦居,杨思前滩,房本满五年,430.0,59789.0,107107947082,https://sh.lianjia.com/ershoufang/107107947082.html,2室1厅,71.92,南,简装,低楼层(共6层),2008年
46,浦东,此房满五年V1，电梯房，采光视野无遮挡，配套齐全,上南二村洪高小区,世博,房本满五年,349.0,49413.0,107109610185,https://sh.lianjia.com/ershoufang/107109610185.html,2室1厅,70.63,东,精装,低楼层(共16层),1990年
47,浦东,福外建平 一房一厅 全明户型 模范小区 加装电梯,梅园二街坊,梅园,房本满五年,425.0,110938.0,107105577031,https://sh.lianjia.com/ershoufang/107105577031.html,1室1厅,38.31,南,精装,低楼层(共6层),1986年
48,浦东,小区中间、边套一室一厅 居家精装修 满五年,梅园新村(浦东),梅园,房本满五年,360.0,92403.0,107107932340,https://sh.lianjia.com/ershoufang/107107932340.html,1室1厅,38.96,南,精装,高楼层(共6层),1982年
49,浦东,【Best四房】【房龄新品质高】【绿城物业精装修】,山水国际,源深,房本满五年,1950.0,105480.0,107105512100,https://sh.lianjia.com/ershoufang/107105512100.html,4室2厅,184.87,南,精装,低楼层(共22层),2006年
50,浦东,店长推荐，房子满五年only，好位置，朝南户型正,东升家园(三期),航头,房本满五年,205.0,24053.0,107109075837,https://sh.lianjia.com/ershoufang/107109075837.html,2室2厅,85.23,南 北,精装,中楼层(共6层),2006年
51,浦东,满5v一，万科物业，南北通透， 正气四房，自住精装修,爵士大厦,潍坊,房本满五年,1130.0,69715.0,107108744022,https://sh.lianjia.com/ershoufang/107108744022.html,4室2厅,162.09,南 北,精装,中楼层(共33层),1995年
52,浦东,边套全明户型 7号+13号双轨交通 生活便利 文化公园旁,天池二村,北蔡,房本满五年,260.0,48726.0,107109624739,https://sh.lianjia.com/ershoufang/107109624739.html,2室1厅,53.36,南,简装,中楼层(共6层),1994年
53,浦东,中间楼层+中间位置+浦南+浦明+诚意卖,潍坊一村,潍坊,,208.0,59395.0,107109768321,https://sh.lianjia.com/ershoufang/107109768321.html,1室1厅,35.02,南,精装,中楼层(共5层),1984年
54,浦东,楼层适中位置安静 锦绣文化公园双轨交通天然氧吧,天池一村,北蔡,房本满五年,329.0,51423.0,107109499314,https://sh.lianjia.com/ershoufang/107109499314.html,2室2厅,63.98,南,毛坯,中楼层(共6层),1994年
55,浦东,地铁口，全明边套户型 客厅带阳台 270度采光 产权清晰,上南十村,世博,,233.0,52243.0,107109308258,https://sh.lianjia.com/ershoufang/107109308258.html,1室1厅,44.6,南 北,精装,高楼层(共6层),1992年
56,浦东,北区景观位置 光线无遮挡 出行方便 离地铁近,东方城市花园(二期),南码头,房本满五年,996.0,81754.0,107109548088,https://sh.lianjia.com/ershoufang/107109548088.html,2室2厅,121.83,南,精装,中楼层(共24层),2005年
57,浦东,浦东外高桥甄选好房 正气三房 中间楼层 近地铁,富特三村,外高桥,房本满五年,315.0,42928.0,107108061177,https://sh.lianjia.com/ershoufang/107108061177.html,2室2厅,73.38,南,精装,低楼层(共6层),1994年
58,浦东,钥匙房随时看房，一梯两户双南，两房，采光好，近地铁,东陆新村四街坊,金桥,,245.0,36410.0,107109462781,https://sh.lianjia.com/ershoufang/107109462781.html,2室1厅,67.29,南,简装,高楼层(共6层),1995年
59,浦东,中环内8号线地铁口+总价低过渡好房适合小年轻,思浦小区,杨思前滩,房本满五年,148.0,43149.0,107108003456,https://sh.lianjia.com/ershoufang/107108003456.html,1室0厅,34.3,北,简装,中楼层(共6层),1986年
60,浦东,107+50+60，外面加大露台，无违章搭。建,新天家园,源深,房本满五年,1199.0,111952.0,107108855158,https://sh.lianjia.com/ershoufang/107108855158.html,3室1厅,107.1,南,简装,中楼层(共10层),2001年
61,浦东,小区中间位置，中楼层，诚意出售，,浦城小区,陆家嘴,,330.0,77193.0,107109471129,https://sh.lianjia.com/ershoufang/107109471129.html,1室1厅,42.75,南,简装,6层,1993年
62,浦东,低密度社区，中粮+首创集团联合开发，张江南辐射区域,中粮首创禧瑞祥云,新场,,380.0,41795.0,107109252365,https://sh.lianjia.com/ershoufang/107109252365.html,3室2厅,90.92,南 北,简装,中楼层(共11层),2020年
63,浦东,双子塔下、川杨河旁、电梯中层、地铁出口、配套成熟,川杨新苑(二期),张江,房本满五年,449.0,51491.0,107109655273,https://sh.lianjia.com/ershoufang/107109655273.html,2室2厅,87.2,南,简装,中楼层(共14层),2008年
64,浦东,前滩辐射区 6、11号线双轨交、南北通大两房、附加值高,锦丽新苑,三林,房本满五年,558.0,66201.0,107109342167,https://sh.lianjia.com/ershoufang/107109342167.html,2室2厅,84.29,南,简装,低楼层(共6层),2002年
65,浦东,三林11号线地铁口30万装修 带车位 +上实南X+随时看房,金禾新苑,三林,房本满五年,470.0,65278.0,107109117125,https://sh.lianjia.com/ershoufang/107109117125.html,2室2厅,72.0,南,精装,低楼层(共13层),2006年
66,浦东,满五年V一，18号线芳芯路地铁100米，精装修，不靠路,芳芯苑,北蔡,房本满五年,450.0,54979.0,107108177561,https://sh.lianjia.com/ershoufang/107108177561.html,2室1厅,81.85,南,精装,低楼层(共6层),1994年
67,浦东,房子次顶楼，改成2房，采光好视野佳，6号德平路地铁口,罗山六村,金杨,房本满五年,226.0,45602.0,107109808099,https://sh.lianjia.com/ershoufang/107109808099.html,2室1厅,49.56,南,简装,高楼层(共6层),1994年
68,浦东,杨思前滩板块  金色中环；一梯两户  中间楼层,南江苑,杨思前滩,房本满五年,370.0,55011.0,107109716192,https://sh.lianjia.com/ershoufang/107109716192.html,2室2厅,67.26,南,简装,中楼层(共6层),2000年
69,浦东,高区景观3房精装修地暖+zhong央空调+地铁,宝华海尚郡领,北蔡,房本满五年,1400.0,109137.0,107109569376,https://sh.lianjia.com/ershoufang/107109569376.html,3室2厅,128.28,南,精装,高楼层(共27层),2014年
70,浦东,新上边套两房 张江南 周浦东 业主置换诚意出售！,汇福家园兴盛里北,周浦,房本满五年,270.0,35824.0,107109850583,https://sh.lianjia.com/ershoufang/107109850583.html,2室1厅,75.37,南 北,精装,中楼层(共26层),2014年
71,浦东,诚意出售+小区C位+西边套+ 改三房户型+双卫+地铁口,金谊河畔,三林,房本满五年,828.0,74421.0,107109133895,https://sh.lianjia.com/ershoufang/107109133895.html,2室2厅,111.26,南,精装,低楼层(共18层),2008年
72,浦东,张江东+地铁2号线+位置佳+南北直通+满5年+有产权车位,保利金爵公寓,唐镇,房本满五年,550.0,63999.0,107109614613,https://sh.lianjia.com/ershoufang/107109614613.html,2室1厅,85.94,南,精装,中楼层(共11层),2009年
73,浦东,金色中环，次新房，高楼层，精装交付保养好，拎包入住,仁和都市花园,御桥,房本满五年,1259.0,100471.0,107107180393,https://sh.lianjia.com/ershoufang/107107180393.html,3室2厅,125.31,南 北,精装,中楼层(共18层),2017年
74,浦东,税费少，总价低，中间位置，二楼，配套设施齐全,欧风家园北区,周浦,房本满五年,178.0,32927.0,107109601572,https://sh.lianjia.com/ershoufang/107109601572.html,1室1厅,54.06,南,简装,中楼层(共5层),2006年
75,浦东,近地铁出行方便配套齐全中间楼层精装两房,民建新村,曹路,房本满五年,298.0,41499.0,107109220911,https://sh.lianjia.com/ershoufang/107109220911.html,2室1厅,71.81,南,精装,中楼层(共5层),2002年
76,浦东,10万家具精装打包（地铁1公里）（带1个车位）看中可聊,川北小区,川沙,房本满五年,125.0,41989.0,107109859933,https://sh.lianjia.com/ershoufang/107109859933.html,1室1厅,29.77,南 北,精装,中楼层(共5层),1984年
77,浦东,新上房源总监力荐+南北全明两房+装修不错+随时看房,峨山小区,塘桥,,308.0,57841.0,107109298556,https://sh.lianjia.com/ershoufang/107109298556.html,2室1厅,53.25,南,精装,高楼层(共6层),1984年
78,浦东,新上复式，双卫，户型方正，位置安静，保养好,御桥馨华苑,御桥,房本满五年,719.0,63360.0,107109381330,https://sh.lianjia.com/ershoufang/107109381330.html,3室2厅,113.48,南,精装,高楼层(共5层),2004年
79,浦东,周浦18号地铁站 南北户型 交通便利,桃园新城中虹佳园东区,周浦,房本满五年,345.0,36986.0,107109340204,https://sh.lianjia.com/ershoufang/107109340204.html,3室2厅,93.28,南 北,毛坯,中楼层(共5层),2007年
80,浦东,此房满5，有车位，精装修，客厅南北通，总价低,丝庐雅苑一期,新场,房本满五年,260.0,29402.0,107109729336,https://sh.lianjia.com/ershoufang/107109729336.html,2室1厅,88.43,南,精装,20层,2012年
81,浦东,保养如新，拎包入住，精致小三房，,信和花园,碧云,房本满五年,868.0,85358.0,107108777337,https://sh.lianjia.com/ershoufang/107108777337.html,3室2厅,101.69,南,精装,中楼层(共8层),1995年
82,浦东,房满五年，南阳台大视野楼层好，精装修看世纪公园景观,陆家嘴中央公寓,杨东,房本满五年,1850.0,117752.0,107107956182,https://sh.lianjia.com/ershoufang/107107956182.html,3室2厅,157.11,南,精装,高楼层(共22层),2006年
83,浦东,此房是2017年的一手动迁次新房，户型方正，格局通透。,民乐城兰丽苑(西苑),惠南,,195.0,26067.0,107109295839,https://sh.lianjia.com/ershoufang/107109295839.html,2室1厅,74.81,南,精装,中楼层(共18层),2017年
84,浦东,房子满五年全明户型格局好交通便利拎包入住诚心出售,粤亮湾景苑,周浦,房本满五年,349.0,43018.0,107107592983,https://sh.lianjia.com/ershoufang/107107592983.html,2室1厅,81.13,南,简装,高楼层(共18层),2010年
85,浦东,临港高品质商品房 房龄新环境好 精装修 带车位地下室,颐和泊雅轩,泥城镇,,225.0,23387.0,107108733730,https://sh.lianjia.com/ershoufang/107108733730.html,3室2厅,96.21,南,精装,高楼层(共11层),2018年
86,浦东,罗山优质三房，2年前精装修，花园整体垫高，满五仅一,罗山花苑,碧云,,750.0,101709.0,107109707751,https://sh.lianjia.com/ershoufang/107109707751.html,3室2厅,73.74,南,精装,低楼层(共5层),1998年
87,浦东,边套全明+建平系+2012年房龄＋3房2厅2卫+得房率86%,城中花园,康桥,房本满五年,518.0,50228.0,107107518808,https://sh.lianjia.com/ershoufang/107107518808.html,3室2厅,103.13,南 北,精装,中楼层(共16层),2012年
88,浦东,税费少+位置好+采光佳+诚意出售+近13号地铁+南北通,川杨新苑(四期),张江,房本满五年,433.0,48516.0,107108428444,https://sh.lianjia.com/ershoufang/107108428444.html,2室2厅,89.25,南 北,精装,低楼层(共14层),2010年
89,浦东,"航武多层2房,边套沿河景观，采光好，电梯加装中",鹤沙航城航武嘉园航瑞路459弄,航头,房本满五年,265.0,36598.0,107109112585,https://sh.lianjia.com/ershoufang/107109112585.html,2室1厅,72.41,南,精装,中楼层(共6层),2013年
90,浦东,一梯两户 满五唯*一 交通便利 近地铁 诚心出售,富特五村,外高桥,房本满五年,218.0,35145.0,107109867191,https://sh.lianjia.com/ershoufang/107109867191.html,2室2厅,62.03,南,简装,高楼层(共6层),1993年
91,浦东,新上景观两房 前滩辐射区 静安物业中高楼层采光视野好,依水园一期,三林,房本满五年,338.0,48697.0,107109660549,https://sh.lianjia.com/ershoufang/107109660549.html,2室1厅,69.41,南,精装,中楼层(共33层),2012年
92,浦东,总价低非顶楼，精装修直接拎包入住，业主诚意出售,高桥一村,外高桥,,118.0,42523.0,107109097700,https://sh.lianjia.com/ershoufang/107109097700.html,1室1厅,27.75,南,精装,高楼层(共6层),1980年
93,浦东,电梯中高楼层   小区中间位置   楼下大花园,金葵新城(西区),金桥,房本满五年,320.0,57451.0,107108866683,https://sh.lianjia.com/ershoufang/107108866683.html,1室1厅,55.7,南,精装,中楼层(共11层),2012年
94,浦东,前滩南芦恒路站电梯中层，精装修30万，满五无个税,东方康德家园一期,三林,房本满五年,431.0,51593.0,107107334054,https://sh.lianjia.com/ershoufang/107107334054.html,2室1厅,83.54,南,精装,中楼层(共18层),2009年
95,浦东,精装1改2户型房子地铁300米华夏西校初房龄新,晴川佳苑,川沙,房本满五年,289.0,52470.0,107109783805,https://sh.lianjia.com/ershoufang/107109783805.html,2室1厅,55.08,南,精装,中楼层(共6层),2011年
96,浦东,复式精装修，细致的布局，地暖全覆盖,布鲁斯小镇(二期),惠南,房本满五年,285.0,18424.0,107106731700,https://sh.lianjia.com/ershoufang/107106731700.html,3室2厅,154.69,南,精装,低楼层(共14层),2011年
97,浦东,总高八楼电梯洋房好楼层税少满五年，自住诚心卖。,金融家,唐镇,房本满五年,510.0,55273.0,107109425011,https://sh.lianjia.com/ershoufang/107109425011.html,2室1厅,92.27,南 北,精装,中楼层(共8层),2015年
98,浦东,一梯两户，全明户型，近地铁6，13号线,云台一小区,世博,房本满五年,283.0,50294.0,107109635528,https://sh.lianjia.com/ershoufang/107109635528.html,2室1厅,56.27,南,精装,低楼层(共6层),1998年
99,浦东,业主急卖，价位可谈，配套成熟，户型好,信诚丽都苑,周浦,房本满五年,310.0,35300.0,107108453344,https://sh.lianjia.com/ershoufang/107108453344.html,2室2厅,87.82,南,简装,高楼层(共18层),2010年
100,浦东,店长推荐，满五唯 一，拎包入住，三面临河，视野好,惠益新苑南苑,惠南,,256.0,25555.0,107108837516,https://sh.lianjia.com/ershoufang/107108837516.html,3室2厅,100.18,南 北,精装,低楼层(共14层),2014年
101,浦东,店长力荐+业主诚意+不靠外环+南北户型＋业主诚售,永泰花苑,三林,,398.0,53589.0,107109622315,https://sh.lianjia.com/ershoufang/107109622315.html,2室1厅,74.27,南 北,精装,低楼层(共12层),2005年
102,浦东,电梯中高区，视野开阔，户型采光好，近公园，近地铁,金巷小区,金桥,房本满五年,262.0,42478.0,107109458731,https://sh.lianjia.com/ershoufang/107109458731.html,1室1厅,61.68,南,精装,中楼层(共24层),2002年
103,浦东,近昌里一条街，近世博源，拎包入住,上钢三村,世博,,205.0,48475.0,107109857813,https://sh.lianjia.com/ershoufang/107109857813.html,1室1厅,42.29,南,精装,高楼层(共6层),1984年
104,浦东,少有原始大4房+不算面积70平采光地下室和25平露台！！,金地未未来,高行,房本满五年,1270.0,84650.0,107109281630,https://sh.lianjia.com/ershoufang/107109281630.html,4室1厅,150.03,南,精装,中楼层(共5层),2008年
105,浦东,急置换，采光无遮挡，税少，诚意，户型好，看房方便,丽水雅苑北苑,惠南,房本满五年,152.0,22119.0,107109866751,https://sh.lianjia.com/ershoufang/107109866751.html,2室1厅,68.72,南,毛坯,低楼层(共18层),2017年
106,浦东,中间楼层，单价低，满五年仅一套，无增值税，无个税。,南新六村,北蔡,,188.0,40275.0,107109333307,https://sh.lianjia.com/ershoufang/107109333307.html,1室1厅,46.68,南,简装,中楼层(共6层),1997年
107,浦东,二期中区楼层 位置安静 视野开阔 即将满五 W一 有车位,陆家嘴锦绣前城,花木,房本满五年,1450.0,118600.0,107107734407,https://sh.lianjia.com/ershoufang/107107734407.html,3室2厅,122.26,南,精装,中楼层(共22层),2016年
108,浦东,荷风翠庭 3室2厅 南,荷风翠庭,泥城镇,房本满五年,153.0,15164.0,107109846334,https://sh.lianjia.com/ershoufang/107109846334.html,3室2厅,100.9,南,毛坯,低楼层(共6层),2009年
109,浦东,张江南，配套成熟，电梯中间楼层，采光视野好。,海尚康庭,康桥,房本满五年,268.0,36946.0,107109181612,https://sh.lianjia.com/ershoufang/107109181612.html,2室2厅,72.54,南,简装,低楼层(共14层),2008年
110,浦东,稀有飞机户型，满五年税费少，业主诚心出售。,瑞阳苑,周浦,房本满五年,265.0,35273.0,107109138768,https://sh.lianjia.com/ershoufang/107109138768.html,2室1厅,75.13,南 北,其他,中楼层(共11层),2007年
111,浦东,临港新片区，万达宝龙公园旁，急售,蓝色城邦(公寓),泥城镇,房本满五年,149.0,16959.0,107109731365,https://sh.lianjia.com/ershoufang/107109731365.html,2室2厅,87.86,南,简装,低楼层(共12层),2010年
112,浦东,2016年电梯房，中楼层，有钥匙随时看房，低总价，税少,汇郡米兰苑,高行,,289.0,44988.0,107106710226,https://sh.lianjia.com/ershoufang/107106710226.html,1室1厅,64.24,南,毛坯,中楼层(共20层),2016年
113,浦东,高区好户型，业主诚心出售，采光好，出行便捷,丽水雅苑,惠南,房本满五年,175.0,25036.0,107109573710,https://sh.lianjia.com/ershoufang/107109573710.html,2室1厅,69.9,南 北,毛坯,高楼层(共18层),2016年
114,浦东,18号线旁一房 车库朝南 可以单独出租 中间楼层,周康四村,康桥,房本满五年,239.0,42671.0,107109546226,https://sh.lianjia.com/ershoufang/107109546226.html,1室1厅,56.01,南 北,简装,中楼层(共5层),2001年
115,浦东,位置佳 楼层佳 户型佳  低总价 你的家,川杨新苑(一期),张江,,428.0,56938.0,107108151158,https://sh.lianjia.com/ershoufang/107108151158.html,2室2厅,75.17,南,简装,中楼层(共6层),2007年
116,浦东,花园洋房，3+1室，领包入住，带小院，享受生活,金融家,唐镇,,658.0,59323.0,107109788200,https://sh.lianjia.com/ershoufang/107109788200.html,3室2厅,110.92,南 北,精装,低楼层(共8层),2017年
117,浦东,大四房，无遮挡，板正通明双轨交，9、14号线,中天碧云,碧云,房本满五年,1449.0,87448.0,107107584069,https://sh.lianjia.com/ershoufang/107107584069.html,4室2厅,165.7,南,精装,高楼层(共19层),2004年
118,浦东,房子满五年only，南面靠河位置，3开间朝南户型正,东升家园(三期),航头,房本满五年,275.0,27022.0,107108993375,https://sh.lianjia.com/ershoufang/107108993375.html,3室2厅,101.77,南 北,精装,中楼层(共11层),2006年
119,浦东,精装修20万 看房提前联系 小三房 一手动迁,民乐城秀园(西苑),惠南,房本满五年,229.0,27185.0,107109677687,https://sh.lianjia.com/ershoufang/107109677687.html,3室2厅,84.24,南 北,精装,高楼层(共18层),2017年
120,静安,空中花园式景观 位置闹中取静 上市北 地铁3/4/8号线,精文城上城,西藏北路,房本满五年,648.0,92124.0,107107937770,https://sh.lianjia.com/ershoufang/107107937770.html,1室1厅,70.34,南,精装,中楼层(共18层),2004年
121,静安,此房精装修，朝南方正户型，交通便利，苏河湾板块,大统路159弄,苏河湾,,255.0,71569.0,107109613846,https://sh.lianjia.com/ershoufang/107109613846.html,1室1厅,35.63,南,精装,中楼层(共6层),1985年
122,静安,公园旁+低总价+全明户型两房一厅，业主诚意出售,临汾路1564弄,彭浦,房本满五年,258.0,48588.0,107109845007,https://sh.lianjia.com/ershoufang/107109845007.html,2室1厅,53.1,南,简装,低楼层(共6层),1995年
123,静安,房子精装修的，皇金楼层，看房方便，诚意出售,利丰苑,大宁,房本满五年,690.0,75600.0,107109313145,https://sh.lianjia.com/ershoufang/107109313145.html,2室2厅,91.27,南,精装,6层,1997年
124,静安,满五魏一+小高层+南北通三房精装修+诚意出售+随时可看,东海园,江宁路,房本满五年,1280.0,119986.0,107108486404,https://sh.lianjia.com/ershoufang/107108486404.html,3室2厅,106.68,南 北,精装,中楼层(共11层),1999年
125,静安,商圈主推，04年小区品质，板式户型，二梯三户，诚意卖,静安丽舍,曹家渡,房本满五年,1298.0,104007.0,107109532025,https://sh.lianjia.com/ershoufang/107109532025.html,3室2厅,124.8,南,简装,中楼层(共33层),2004年
126,静安,楼梯三楼+舒适大一房+带餐厅+出门即地铁+租住皆宜,延铁小区,大宁,房本满五年,260.0,71586.0,107109596739,https://sh.lianjia.com/ershoufang/107109596739.html,1室1厅,36.32,南,简装,中楼层(共6层),1986年
127,静安,静安府东区，四房户型方正，视野开阔不挡，精装修交付,静安府东区,大宁,房本满五年,1760.0,128346.0,107109635337,https://sh.lianjia.com/ershoufang/107109635337.html,4室2厅,137.13,南 北,精装,高楼层(共18层),2017年
128,静安,满5仅有契税，视野采光开阔，户型方正空间开阔,中鸿大厦,西藏北路,房本满五年,425.0,70341.0,107109850176,https://sh.lianjia.com/ershoufang/107109850176.html,2室1厅,60.42,南 西 北,简装,26层,2001年
129,静安,天井已搭好，一室的价格两室的空间,柳营路309弄,闸北公园,,215.0,61412.0,107109235400,https://sh.lianjia.com/ershoufang/107109235400.html,1室0厅,35.01,南,简装,低楼层(共6层),1978年
130,静安,电梯高区，公园景观房，刚需改善大三房！,望景苑,大宁,房本满五年,1238.0,90135.0,107109069594,https://sh.lianjia.com/ershoufang/107109069594.html,3室2厅,137.35,南 北,精装,高楼层(共18层),2002年
131,静安,业主喊话：六月必卖，新政反降！六一调价，看房方便！,悠和家园,大宁,房本满五年,778.0,82311.0,107108474229,https://sh.lianjia.com/ershoufang/107108474229.html,2室2厅,94.52,南,简装,中楼层(共18层),2006年
132,静安,房源楼层好，户型功能间都有窗户，采光好，业主诚意卖,洛川中路1100弄,大宁,房本满五年,290.0,61130.0,107109373513,https://sh.lianjia.com/ershoufang/107109373513.html,2室0厅,47.44,南,简装,低楼层(共6层),1983年
133,静安,总监推荐！电梯高区大三房户型 俯瞰小区 远眺公园景观,锦灏佳园,闸北公园,房本满五年,1288.0,89290.0,107109648623,https://sh.lianjia.com/ershoufang/107109648623.html,3室2厅,144.25,南,简装,高楼层(共22层),2002年
134,静安,咫尺地铁 圆弧形落地大飘窗 全明采光无遮挡 配套齐全,静安凤凰苑,江宁路,房本满五年,1280.0,117572.0,107107029197,https://sh.lianjia.com/ershoufang/107107029197.html,2室2厅,108.87,南,精装,25层,2006年
135,静安,低总价2房+静安寺商圈+四和居委,四和花园,曹家渡,,555.0,79218.0,107109806139,https://sh.lianjia.com/ershoufang/107109806139.html,2室1厅,70.06,南,简装,低楼层(共24层),1994年
136,静安,内环内3轨交汇近地铁口、高标准精装修、采光楼层好,三宝花苑,西藏北路,,339.0,67396.0,107108229893,https://sh.lianjia.com/ershoufang/107108229893.html,1室1厅,50.3,南,精装,中楼层(共7层),1993年
137,静安,内环内  地铁口  朝南小户 优质公房  M五v一,中兴路814号,西藏北路,房本满五年,232.0,72365.0,107109861916,https://sh.lianjia.com/ershoufang/107109861916.html,1室1厅,32.06,南,精装,中楼层(共7层),1988年
138,静安,电梯三房，南北通户型，得房率高，地铁口，满五年,芷江西路453弄,不夜城,房本满五年,520.0,76765.0,107109208602,https://sh.lianjia.com/ershoufang/107109208602.html,3室1厅,67.74,南 北,精装,中楼层(共6层),1994年
139,静安,内环内，南北通两房+独立车库！,和颐苑,西藏北路,房本满五年,745.0,78488.0,107109348593,https://sh.lianjia.com/ershoufang/107109348593.html,2室2厅,94.92,南,精装,7层,1999年
140,静安,电梯使用中的一房，装修保养不错，通勤方便,彭新小区,彭浦,房本满五年,147.0,52444.0,107109530648,https://sh.lianjia.com/ershoufang/107109530648.html,1室0厅,28.03,南,简装,高楼层(共6层),1985年
141,静安,平顺小区 2室1厅 南,平顺小区,彭浦,房本满五年,220.0,49218.0,107109872617,https://sh.lianjia.com/ershoufang/107109872617.html,2室1厅,44.7,南,毛坯,中楼层(共6层),1986年
142,静安,南京西路恒隆南边+1层2户水磨石老公寓+坐拥氧吧森林,华业小区,南京西路,房本满五年,1430.0,131121.0,107109578660,https://sh.lianjia.com/ershoufang/107109578660.html,2室2厅,109.06,南 北,精装,中楼层(共5层),1924年
143,静安,建银曙光小区新上双南两房，满五年只有一套,建银曙光小区,大宁,房本满五年,520.0,69874.0,107109097695,https://sh.lianjia.com/ershoufang/107109097695.html,2室1厅,74.42,南,简装,高楼层(共6层),1996年
144,静安,精装修双南两房，满五年税费低，楼层好，得房率高,广中西路818弄,大宁,房本满五年,399.0,61281.0,107107470564,https://sh.lianjia.com/ershoufang/107107470564.html,2室2厅,65.11,南,精装,中楼层(共6层),1993年
145,静安,内环内 近地铁 满五年 楼层好 全明户型,紫祥小区,不夜城,,255.0,64869.0,107109807867,https://sh.lianjia.com/ershoufang/107109807867.html,1室1厅,39.31,南,精装,低楼层(共6层),1991年
146,静安,近中环 04年商品房 一梯2户 客厅朝南 板式户型楼层好,龙馨嘉园,永和,房本满五年,480.0,53453.0,107107487211,https://sh.lianjia.com/ershoufang/107107487211.html,2室2厅,89.8,南 北,精装,低楼层(共6层),2004年
147,静安,2019年小区  人车分流 精装修 地铁8号线 朝南视野好,黄山锦庭,闸北公园,,430.0,67094.0,107109054655,https://sh.lianjia.com/ershoufang/107109054655.html,2室1厅,64.09,南,精装,高楼层(共30层),2019年
148,静安,大融城旁，电梯高区，双南精装大两房，位置好随时看,景峰苑,阳城,房本满五年,375.0,56974.0,107109263821,https://sh.lianjia.com/ershoufang/107109263821.html,2室1厅,65.82,南,精装,高楼层(共6层),1996年
149,静安,凤凰层电梯房视野好 全明户型满五  一梯两户 近大融城,阳城书院,阳城,房本满五年,720.0,75551.0,107106581208,https://sh.lianjia.com/ershoufang/107106581208.html,2室2厅,95.3,南 北,简装,高楼层(共14层),2005年
150,静安,客官请留步！静安中环，电梯房精装两居，社区干净整洁,永和二村,永和,房本满五年,289.0,53898.0,107109416008,https://sh.lianjia.com/ershoufang/107109416008.html,2室1厅,53.62,南 北,精装,低楼层(共6层),1995年
151,静安,苏河湾活动区 配套齐全 交通便利 售后公房 业主诚售！,天东小区,苏河湾,房本满五年,658.0,74680.0,107106495900,https://sh.lianjia.com/ershoufang/107106495900.html,2室2厅,88.11,东南,精装,18层,1999年
152,静安,静安区地铁口、精装修、一梯两户低总价一房！！！,保德路1010弄,彭浦,房本满五年,152.0,43170.0,107109805373,https://sh.lianjia.com/ershoufang/107109805373.html,1室1厅,35.21,南,简装,高楼层(共6层),1992年
153,静安,满五，名下就这一套，小户型，总价低，有露台,中凯城市之光(静安),南京西路,房本满五年,618.0,109400.0,107108996561,https://sh.lianjia.com/ershoufang/107108996561.html,1室1厅,56.49,西南,精装,34层,2003年
154,静安,品质花园小区，板式2房，满五一套，产权车位另算,达安锦园,江宁路,房本满五年,1120.0,113810.0,107107906670,https://sh.lianjia.com/ershoufang/107107906670.html,2室2厅,98.41,南,简装,中楼层(共28层),2005年
155,静安,电梯房  一梯二户，双南二房 户型正 采光好 税少,荣和苑,阳城,房本满五年,419.0,56295.0,107109375154,https://sh.lianjia.com/ershoufang/107109375154.html,2室1厅,74.43,南,简装,高楼层(共6层),1997年
156,静安,小高层电梯房丨婚房装修35万丨满五且一丨景观视野好,永和家园,永和,房本满五年,665.0,70520.0,107109680764,https://sh.lianjia.com/ershoufang/107109680764.html,2室2厅,94.3,南,精装,中楼层(共8层),2007年
157,静安,电梯房高区 边套全明双南两房一厅,彭顺小区,彭浦,,330.0,51515.0,107109721343,https://sh.lianjia.com/ershoufang/107109721343.html,2室1厅,64.06,南,简装,中楼层(共6层),1994年
158,静安,楼层佳，视野开阔采光好；满五税费少，业主诚意,阳城世家苑,阳城,房本满五年,785.0,81079.0,107107532231,https://sh.lianjia.com/ershoufang/107107532231.html,2室2厅,96.82,南 西,精装,低楼层(共14层),2007年
159,静安,经典双南全明户型+业主诚意+看房方便,永灵小区,阳城,,410.0,53630.0,107108994686,https://sh.lianjia.com/ershoufang/107108994686.html,2室1厅,76.45,南,简装,低楼层(共6层),1998年
160,静安,内环内电梯大两房，满五为1，全明户型采光视野无遮挡,久欣公寓,西藏北路,房本满五年,619.0,59929.0,107108262927,https://sh.lianjia.com/ershoufang/107108262927.html,2室1厅,103.29,南,简装,24层,1997年
161,静安,慧芝湖花园高区次顶楼，全天采光保证，厨卫采光佳,慧芝湖花园（一二期）,大宁,房本满五年,930.0,102232.0,107109631512,https://sh.lianjia.com/ershoufang/107109631512.html,2室2厅,90.97,南,精装,高楼层(共18层),2007年
162,静安,三兴小区次顶楼3站人广88得房率无遮挡朝向花园地铁口,三兴小区,不夜城,房本满五年,200.0,56690.0,107109258928,https://sh.lianjia.com/ershoufang/107109258928.html,1室1厅,35.28,南,简装,7层,1993年
163,静安,小区中间位置+南北双阳台+两房朝南厨卫全明,利丰苑,大宁,房本满五年,528.0,66921.0,107109811662,https://sh.lianjia.com/ershoufang/107109811662.html,2室1厅,78.9,南,简装,6层,1999年
164,静安,彭浦 静安 万科物业，户型整齐全明，小区干净整洁,景凤小区,彭浦,房本满五年,165.0,36489.0,107108546511,https://sh.lianjia.com/ershoufang/107108546511.html,1室1厅,45.22,南,简装,高楼层(共6层),1994年
165,静安,25万精装修，南北小两房，边套全明户型，一梯两户,曲沃小区,彭浦,,289.0,53184.0,107109835667,https://sh.lianjia.com/ershoufang/107109835667.html,2室1厅,54.34,南 北,精装,高楼层(共6层),1997年
166,静安,店长主推，近地铁，精装修南北两房，单价低，拎包入住,银都二村,彭浦,,258.0,45375.0,107108278685,https://sh.lianjia.com/ershoufang/107108278685.html,2室1厅,56.86,南,精装,中楼层(共6层),1995年
167,静安,老静安南京西路！品质两房！低总价！花园住宅！,新福康里(公寓),南京西路,房本满五年,785.0,111380.0,107107830479,https://sh.lianjia.com/ershoufang/107107830479.html,2室1厅,70.48,南 北,精装,7层,2000年
168,静安,静安区必看三房，两梯四户，两房朝南，中间楼层,越秀苑,不夜城,房本满五年,858.0,68888.0,107109141843,https://sh.lianjia.com/ershoufang/107109141843.html,3室2厅,124.55,南,精装,27层,2000年
169,静安,嘉利蕞诚意卖的中低区南北错通户型，采光好，看花园,嘉利明珠城,闸北公园,,780.0,82348.0,107109854597,https://sh.lianjia.com/ershoufang/107109854597.html,2室2厅,94.72,南 北,简装,低楼层(共38层),2005年
170,静安,此房边套全明，户型好，采光充足，楼层佳，视野开阔。,和福花苑,闸北公园,房本满五年,650.0,69105.0,107109650284,https://sh.lianjia.com/ershoufang/107109650284.html,2室2厅,94.06,南,精装,中楼层(共18层),1998年
171,静安,阳曲路650弄 2室0厅 南 北,阳曲路650弄,彭浦,,208.0,46805.0,107109704710,https://sh.lianjia.com/ershoufang/107109704710.html,2室0厅,44.44,南 北,精装,中楼层(共6层),1994年
172,静安,链家主推，含产权车位，人车分流品质小区，四开间朝南,中星馨恒苑,永和,房本满五年,986.0,59932.0,107109051674,https://sh.lianjia.com/ershoufang/107109051674.html,3室2厅,164.52,南 北,精装,低楼层(共13层),2014年
173,静安,静安区，边套全明，楼层好，小区四季公园，税费低,共康四村,彭浦,房本满五年,310.0,49020.0,107109878993,https://sh.lianjia.com/ershoufang/107109878993.html,2室1厅,63.24,南,简装,中楼层(共6层),1995年
174,静安,静安彭浦 带车wei 车wei 难得好房 一手动迁,和源名城,彭浦,房本满五年,308.0,48688.0,107109217270,https://sh.lianjia.com/ershoufang/107109217270.html,2室1厅,63.26,南,精装,高楼层(共34层),2014年
175,静安,静安彭浦 电梯房 精装修 税费少 业主诚心出售看房方便,和源名城,彭浦,房本满五年,268.0,50990.0,107109691089,https://sh.lianjia.com/ershoufang/107109691089.html,1室1厅,52.56,南,精装,中楼层(共34层),2014年
176,静安,静安府西区飞机户型三房，装修品质高，诚意出售,静安府西区,大宁,,1480.0,125616.0,107109039697,https://sh.lianjia.com/ershoufang/107109039697.html,3室2厅,117.82,南 北,精装,高楼层(共17层),2018年
177,静安,五百多万买南京西电梯两房，业主诚售，预购从速,南阳小区,南京西路,房本满五年,599.0,86188.0,107108992897,https://sh.lianjia.com/ershoufang/107108992897.html,2室1厅,69.5,南,精装,低楼层(共25层),1990年
178,静安,功能性小三房地铁1号线600米，配套齐全生活便利。,明园森林都市涵翠苑,大宁,房本满五年,836.0,93933.0,107108683422,https://sh.lianjia.com/ershoufang/107108683422.html,3室2厅,89.0,南,精装,低楼层(共33层),2013年
179,静安,优秀历史保护建筑，一门关全明南北通产权房,润康邨,南京西路,房本满五年,415.0,107402.0,107106957081,https://sh.lianjia.com/ershoufang/107106957081.html,1室2厅,38.64,南,精装,高楼层(共4层),1937年
180,静安,新上静安区双南2房、满五仅一、地铁500米、单价总价低,平顺路825弄,彭浦,房本满五年,248.0,38909.0,107109840963,https://sh.lianjia.com/ershoufang/107109840963.html,2室1厅,63.74,南,简装,低楼层(共13层),1994年
181,静安,05年花园小区，双南两房，连体阳台，采光视野好！！！,静安晶华园,江宁路,房本满五年,1198.0,125249.0,107108451568,https://sh.lianjia.com/ershoufang/107108451568.html,2室2厅,95.65,南,精装,18层,2004年
182,静安,满五房改售房，户型方正，采光无遮挡,沪中新苑,曹家渡,房本满五年,1080.0,105552.0,107108659263,https://sh.lianjia.com/ershoufang/107108659263.html,3室1厅,102.32,南,精装,18层,2003年
183,静安,内环内近地铁准电梯二房诚意出售,通源小区,西藏北路,房本满五年,318.0,62946.0,107109688030,https://sh.lianjia.com/ershoufang/107109688030.html,2室1厅,50.52,南 北,简装,中楼层(共6层),1982年
184,静安,静安府东区1梯1户 四叶草户型位置安静彩光好,静安府东区,大宁,,1750.0,127617.0,107109426242,https://sh.lianjia.com/ershoufang/107109426242.html,4室2厅,137.13,南 北,精装,中楼层(共18层),2017年
185,静安,满五一  低于普宅要求 成本低 置换诚意出售 带装修,精文城上城,西藏北路,房本满五年,1110.0,77841.0,107109868977,https://sh.lianjia.com/ershoufang/107109868977.html,3室2厅,142.6,南,简装,30层,2004年
186,静安,静安区三房两卫 中低楼层 一梯两户 户型方正 单价低,绿雅苑,永和,,480.0,46630.0,107109846895,https://sh.lianjia.com/ershoufang/107109846895.html,3室1厅,102.94,南,简装,低楼层(共6层),2002年
187,静安,次新房，新挂牌边套全明，全新的《一天都没住过人》,静安府西区,大宁,,1130.0,113057.0,107108336880,https://sh.lianjia.com/ershoufang/107108336880.html,3室2厅,99.95,南 北,精装,低楼层(共33层),2019年
188,静安,高区朝南大一房，房东诚意出售，看房提前预约,静安晶华园,江宁路,房本满五年,898.0,128931.0,107109142163,https://sh.lianjia.com/ershoufang/107109142163.html,1室2厅,69.65,南,精装,30层,2004年
189,静安,老静安大三房 静教院随时用 楼层采光好 环境优雅宜居,静安晶华园,江宁路,房本满五年,1570.0,109852.0,107109274287,https://sh.lianjia.com/ershoufang/107109274287.html,3室2厅,142.92,南,简装,33层,2004年
190,静安,总价低的电梯两房，全明户型，近地铁8号线中兴地铁站,永兴小马路80号,西藏北路,房本满五年,360.0,64760.0,107109066913,https://sh.lianjia.com/ershoufang/107109066913.html,2室1厅,55.59,南,简装,中楼层(共20层),1984年
191,静安,大融城新出电梯一室一厅，美丽家园小区，地铁行知路,景峰苑,阳城,,228.0,51866.0,107109735769,https://sh.lianjia.com/ershoufang/107109735769.html,1室1厅,43.96,南,简装,高楼层(共7层),1995年
192,静安,满五W1，产权清晰，诚意急卖，边套全明，层高2.9米,国际丽都城,南京西路,房本满五年,1600.0,131612.0,107108716991,https://sh.lianjia.com/ershoufang/107108716991.html,2室2厅,121.57,南 西 北,精装,中楼层(共23层),2005年
193,静安,次新房孤品高区三房，唯此一套，俯瞰浦西，精装交付。,静安府西区,大宁,,1135.0,121586.0,107106706107,https://sh.lianjia.com/ershoufang/107106706107.html,3室2厅,93.35,南 北,精装,高楼层(共30层),2019年
194,静安,南京西路04年电梯房，静安户口，70年住宅产权，满五年,骏豪国际,南京西路,房本满五年,359.0,71033.0,107106835963,https://sh.lianjia.com/ershoufang/107106835963.html,1室1厅,50.54,东,精装,29层,2004年
195,静安,慧芝湖新上陆家嘴景观房 南北通透 业主急售,慧芝湖花园（一二期）,大宁,房本满五年,1150.0,105062.0,107109323074,https://sh.lianjia.com/ershoufang/107109323074.html,3室2厅,109.46,南 北,简装,中楼层(共33层),2007年
196,静安,2012年房龄，5.5米层高有燃气，有小区环境，地铁口,中海万锦城(二期),不夜城,,299.0,63876.0,107107206543,https://sh.lianjia.com/ershoufang/107107206543.html,1室2厅,46.81,北,简装,高楼层(共17层),2012年
197,静安,南京西路板块  苏州河景观房   刚需房,武泰公寓,南京西路,,900.0,88723.0,107109740455,https://sh.lianjia.com/ershoufang/107109740455.html,2室2厅,101.44,南,精装,中楼层(共27层),2000年
198,静安,2+1户型 南北通 无遮挡 ＋产权车位 开发商统一精装,大宁瑞仕花园,大宁,房本满五年,1260.0,124420.0,107109649077,https://sh.lianjia.com/ershoufang/107109649077.html,2室2厅,101.27,南,精装,27层,2013年
199,静安,苏河湾北 万科物业 凤凰楼层 南北通全明一房两厅,绿洲雅宾利花园(一期),西藏北路,房本满五年,758.0,107518.0,107106186360,https://sh.lianjia.com/ershoufang/107106186360.html,1室2厅,70.5,南,精装,高楼层(共32层),2007年
200,静安,经典茂名高区南北两房满五年税0移民诚意卖价可谈,经典茂名公寓,南京西路,房本满五年,1950.0,152690.0,107109159392,https://sh.lianjia.com/ershoufang/107109159392.html,2室2厅,127.71,南 北,精装,高楼层(共28层),2007年
201,静安,精装修一居室，满五楼层好，可拎包入住，业主诚意出售,同济佳苑,曹家渡,房本满五年,500.0,97031.0,107104954400,https://sh.lianjia.com/ershoufang/107104954400.html,1室1厅,51.53,南,精装,22层,2004年
202,静安,同济佳苑 1室1厅 南 北,同济佳苑,曹家渡,房本满五年,480.0,98543.0,107109049620,https://sh.lianjia.com/ershoufang/107109049620.html,1室1厅,48.71,南 北,精装,22层,2004年
203,静安,小区在售少有朝南户型，二手买进，一师成交较多的小区,同济佳苑,曹家渡,,560.0,108675.0,107106972009,https://sh.lianjia.com/ershoufang/107106972009.html,1室2厅,51.53,南,精装,22层,2004年
204,静安,高楼层，采光好，交通方便，配套齐全,中行小区,曹家渡,房本满五年,530.0,102634.0,107106804843,https://sh.lianjia.com/ershoufang/107106804843.html,1室1厅,51.64,南,简装,高楼层(共4层),1997年
205,静安,老业主委托，诚意出售，采光好，交通方便。,武西村,曹家渡,房本满五年,408.0,84665.0,107106240395,https://sh.lianjia.com/ershoufang/107106240395.html,2室1厅,48.19,西南,简装,高楼层(共7层),1997年
206,静安,西边套全明 楼层好 位置安静不靠路 自住精装 诚意卖,童家浜小区,大宁,房本满五年,439.0,84116.0,107109004170,https://sh.lianjia.com/ershoufang/107109004170.html,2室1厅,52.19,南 北,精装,6层,1983年
207,静安,大宁核新配套近在咫尺 首前排采光视野佳,延长路265弄,大宁,房本满五年,320.0,77633.0,107108643447,https://sh.lianjia.com/ershoufang/107108643447.html,1室1厅,41.22,南,毛坯,中楼层(共5层),1978年
208,静安,静安寺旁，近地铁，双南两房，售后公房，培育资源优,延平路259弄,曹家渡,房本满五年,645.0,110088.0,107107398735,https://sh.lianjia.com/ershoufang/107107398735.html,2室1厅,58.59,南,简装,中楼层(共4层),1989年
209,静安,每层仅2套类似户型+采光和视野结合好,同济佳苑,曹家渡,房本满五年,430.0,90756.0,107106453956,https://sh.lianjia.com/ershoufang/107106453956.html,1室1厅,47.38,南 西,精装,22层,2004年
210,静安,店长力荐+满五年+静安寺街道+朝南+愚园路+带天井,愚园路488弄,静安寺,房本满五年,409.0,103440.0,107107507851,https://sh.lianjia.com/ershoufang/107107507851.html,1室1厅,39.54,南,精装,低楼层(共6层),1983年
211,静安,店长力荐+满五年+南北通+乌鲁木齐北路愚园路+干部楼,懿德公寓,静安寺,房本满五年,829.0,96072.0,107107216322,https://sh.lianjia.com/ershoufang/107107216322.html,2室1厅,86.29,南 北,简装,高楼层(共7层),1998年
212,静安,房子满五年，一梯2户，南北通透，久光旁，近大宁国际,东方明珠大宁公寓,大宁,房本满五年,950.0,85663.0,107108490865,https://sh.lianjia.com/ershoufang/107108490865.html,3室2厅,110.9,南 北,简装,高楼层(共6层),1997年
213,静安,高得房率+全明+单价低!!!!,洛川中路1100弄,大宁,,338.0,62978.0,107109300942,https://sh.lianjia.com/ershoufang/107109300942.html,2室1厅,53.67,西南 西,简装,高楼层(共6层),1984年
214,静安,示范小区、彭浦禾心地段，电梯中层，两室一厅视野佳！,星城花苑,彭浦,房本满五年,308.0,53242.0,107109166805,https://sh.lianjia.com/ershoufang/107109166805.html,2室1厅,57.85,南 北,精装,中楼层(共13层),1993年
215,静安,次新法式园林，格局好，税费少，装修新，带产权车位。,中星馨恒苑,永和,房本满五年,740.0,84273.0,107106406750,https://sh.lianjia.com/ershoufang/107106406750.html,2室1厅,87.81,南,精装,低楼层(共11层),2014年
216,静安,高区正看东方明珠三件套、黄浦江 ，满五年 诚意出售,圣和圣广场(公寓),苏河湾,房本满五年,1400.0,132501.0,107108723951,https://sh.lianjia.com/ershoufang/107108723951.html,2室2厅,105.66,南 东,简装,26层,2008年
217,静安,满五近地铁，小区中间位置，配套齐全,场中路2471弄,彭浦,房本满五年,220.0,50080.0,107108371620,https://sh.lianjia.com/ershoufang/107108371620.html,1室1厅,43.93,南,精装,中楼层(共6层),1991年
218,静安,延长路地铁站，出门就是公园，不靠高架全明电梯两房,洛东大楼,闸北公园,房本满五年,419.0,63485.0,107105831047,https://sh.lianjia.com/ershoufang/107105831047.html,2室0厅,66.0,东 北,简装,中楼层(共20层),1986年
219,静安,急急急|边套全明|一梯两户|位置安静|价格可聊,广盛苑,阳城,房本满五年,380.0,65506.0,107108564106,https://sh.lianjia.com/ershoufang/107108564106.html,1室2厅,58.01,南 北,精装,高楼层(共6层),2002年
220,静安,静安区少有的大两居 居住舒适度高 看房方便,静安长华公寓,曹家渡,房本满五年,1098.0,75444.0,107106675365,https://sh.lianjia.com/ershoufang/107106675365.html,2室1厅,145.54,南 东,精装,低楼层(共24层),1998年
221,静安,惠龙公寓，大宁质量标杆成熟商品房，品质精装修南北通,惠龙公寓,大宁,房本满五年,798.0,90190.0,107109323269,https://sh.lianjia.com/ershoufang/107109323269.html,2室1厅,88.48,南 北,精装,中楼层(共14层),2000年
222,静安,地铁口，花园小区，三楼，采光好，税费低。,阳城花园,阳城,房本满五年,850.0,83604.0,107107348135,https://sh.lianjia.com/ershoufang/107107348135.html,3室2厅,101.67,南 北,精装,中楼层(共6层),2001年
223,静安,店长力荐边套采光好！售后公房，自住或地段配套适合！,高荣小区,曹家渡,房本满五年,470.0,99514.0,107106569085,https://sh.lianjia.com/ershoufang/107106569085.html,1室1厅,47.23,南 西南,简装,24层,1992年
224,静安,电梯房+双南大两房+近地铁+近医院+满五年税少+诚意卖,建银曙光小区,大宁,房本满五年,780.0,79495.0,107108359192,https://sh.lianjia.com/ershoufang/107108359192.html,2室1厅,98.12,南,精装,低楼层(共20层),1996年
225,静安,紫气东莱 延长路高区景观房 精装修  可拎包入住 诚意,建银曙光小区,大宁,房本满五年,700.0,72698.0,107107216982,https://sh.lianjia.com/ershoufang/107107216982.html,2室2厅,96.29,南,精装,高楼层(共20层),1996年
226,静安,中间楼层+边套全明户型+看房提前约+满五年,翔前小区,永和,房本满五年,315.0,53847.0,107109057122,https://sh.lianjia.com/ershoufang/107109057122.html,1室1厅,58.5,南,简装,中楼层(共6层),1994年
227,静安,房型正气 全明户型 视野开阔 精装修 拎包入住,怡甸公寓,曹家渡,房本满五年,1130.0,97305.0,107108281324,https://sh.lianjia.com/ershoufang/107108281324.html,2室2厅,116.13,西南,精装,高楼层(共22层),1997年
228,静安,中高楼层，一手动迁，全南户型，诚意出售,永和二村,永和,房本满五年,350.0,58765.0,107109278064,https://sh.lianjia.com/ershoufang/107109278064.html,2室1厅,59.56,南,精装,高楼层(共6层),1995年
229,静安,地铁边1号线一梯两户总价低高楼层无遮挡采光好,宁和小区,大宁,房本满五年,450.0,79226.0,107109293163,https://sh.lianjia.com/ershoufang/107109293163.html,2室1厅,56.8,南 北,简装,高楼层(共6层),1992年
230,静安,洛东大楼 2室1厅 北,洛东大楼,闸北公园,,380.0,73644.0,107109141802,https://sh.lianjia.com/ershoufang/107109141802.html,2室1厅,51.6,北,简装,中楼层(共20层),1986年
231,静安,地铁口，精装一室半，装修3年，中区楼层，看房随时,包运大厦,西藏北路,,320.0,72040.0,107107890351,https://sh.lianjia.com/ershoufang/107107890351.html,1室1厅,44.42,南,精装,中楼层(共7层),1995年
232,静安,达安花园+四开间朝南三房+采光好,达安花园,曹家渡,房本满五年,1630.0,124352.0,107105508817,https://sh.lianjia.com/ershoufang/107105508817.html,3室2厅,131.08,南,精装,低楼层(共16层),2003年
233,静安,静安寺地段，高区朝南精装大一房，拎包住，近地铁,申田大楼,静安寺,,470.0,98081.0,107108469886,https://sh.lianjia.com/ershoufang/107108469886.html,1室1厅,47.92,西南,精装,高楼层(共32层),1994年
234,静安,汇众康定小区 2室1厅 南,汇众康定小区,曹家渡,房本满五年,630.0,104600.0,107107119154,https://sh.lianjia.com/ershoufang/107107119154.html,2室1厅,60.23,南,精装,高楼层(共6层),1993年
235,静安,一梯两户彭浦新村近地铁总价低楼层好诚意卖可谈价,临汾路1244弄,彭浦,,400.0,59050.0,107107993437,https://sh.lianjia.com/ershoufang/107107993437.html,2室1厅,67.74,南,简装,低楼层(共6层),1995年
236,静安,脚 踏 泥 土   仰 望 星 空,沪金大楼,苏河湾,,650.0,76051.0,107108386765,https://sh.lianjia.com/ershoufang/107108386765.html,2室1厅,85.47,南,简装,低楼层(共26层),1994年
237,静安,三年精装修，直接拎包入住，小区中间景观，满五,嘉利明珠城,闸北公园,,975.0,100974.0,107108074070,https://sh.lianjia.com/ershoufang/107108074070.html,2室2厅,96.56,南,精装,低楼层(共38层),2005年
238,静安,柳营路1025弄采光好无遮挡，配套齐全，诚意出售,柳营路1025弄,大宁,,238.0,61659.0,107106807608,https://sh.lianjia.com/ershoufang/107106807608.html,1室1厅,38.6,南,精装,高楼层(共6层),1987年
239,静安,内环内三轨交 地铁口 出行便利 配套设施完善 位置安静,公兴路11号,西藏北路,房本满五年,499.0,63885.0,107107962569,https://sh.lianjia.com/ershoufang/107107962569.html,2室0厅,78.11,东,简装,高楼层(共6层),1991年
240,静安,一梯两户彭浦新村近地铁总价低楼层好诚意卖可谈价,临汾路1244弄,彭浦,,400.0,59050.0,107107993437,https://sh.lianjia.com/ershoufang/107107993437.html,2室1厅,67.74,南,简装,低楼层(共6层),1995年
241,静安,升平新挂三房，南北三通透，老业主委托看房方便随时签,升平小区,南京西路,房本满五年,925.0,110106.0,107106965530,https://sh.lianjia.com/ershoufang/107106965530.html,3室2厅,84.01,南 北,精装,高楼层(共4层),1997年
242,静安,静安区曹家渡烫金地段，满五税少，空关，看房方便,南长小区,曹家渡,房本满五年,340.0,97533.0,107107888789,https://sh.lianjia.com/ershoufang/107107888789.html,1室1厅,34.86,南,简装,低楼层(共6层),1993年
243,静安,新出好户型，主卧+客厅双朝南，楼间距宽采光无遮挡,绿色丽园,大宁,房本满五年,650.0,115556.0,107109616361,https://sh.lianjia.com/ershoufang/107109616361.html,1室1厅,56.25,南,简装,11层,2003年
244,静安,内环内三轨交 地铁口 出行便利 配套设施完善 位置安静,公兴路11号,西藏北路,房本满五年,499.0,63885.0,107107962569,https://sh.lianjia.com/ershoufang/107107962569.html,2室0厅,78.11,东,简装,高楼层(共6层),1991年
245,静安,壹师+总价低+楼层适中+朝南阳台,万春小区,曹家渡,,475.0,135831.0,107105654662,https://sh.lianjia.com/ershoufang/107105654662.html,1室0厅,34.97,南,精装,5层,1984年
246,静安,静安区电梯房商品房+满五年+全南采光无遮挡+配套齐全,北杰公寓,彭浦,房本满五年,630.0,64722.0,107108358092,https://sh.lianjia.com/ershoufang/107108358092.html,3室1厅,97.34,南,简装,中楼层(共11层),2001年
247,静安,顶楼复式+南北双露台+俯视西上海景观,嘉利明珠城,闸北公园,房本满五年,1700.0,95576.0,107108272285,https://sh.lianjia.com/ershoufang/107108272285.html,4室2厅,177.87,南 北,精装,高楼层(共38层),2005年
248,静安,视野开阔采光好，精致装修，配套齐全,宁和小区,大宁,房本满五年,515.0,91491.0,107107744365,https://sh.lianjia.com/ershoufang/107107744365.html,2室1厅,56.29,南,精装,高楼层(共6层),1993年
249,静安,双南两房，厅朝南，业主诚意出售，高区，看房提前预约,康定汽车公寓,曹家渡,,1111.0,83566.0,107105996714,https://sh.lianjia.com/ershoufang/107105996714.html,2室2厅,132.95,南,简装,高楼层(共21层),2001年
250,静安,出国处理资产，电梯高区小两房税少，近地铁中山北路站,普善新苑,大宁,房本满五年,580.0,68196.0,107108849404,https://sh.lianjia.com/ershoufang/107108849404.html,2室2厅,85.05,南,精装,24层,1999年
251,静安,新上房源，售后公房，全明方正户型，带个小花园,永乐苑,大宁,房本满五年,778.0,88854.0,107107493407,https://sh.lianjia.com/ershoufang/107107493407.html,2室2厅,87.56,南,精装,6层,1998年
252,静安,近一号线地铁，中间楼层，美丽家园小区,临汾路1565弄,彭浦,房本满五年,260.0,52094.0,107107483652,https://sh.lianjia.com/ershoufang/107107483652.html,1室1厅,49.91,南,简装,中楼层(共6层),1996年
253,静安,双南户型+精装修+中间层采光好+近地铁,洛川中路1100弄,大宁,,346.0,71194.0,107108866279,https://sh.lianjia.com/ershoufang/107108866279.html,2室1厅,48.6,南,精装,中楼层(共6层),1983年
254,静安,沪中新苑 1室1厅 南,沪中新苑,曹家渡,房本满五年,1200.0,149813.0,107107035845,https://sh.lianjia.com/ershoufang/107107035845.html,1室1厅,80.1,南,精装,18层,2002年
255,静安,好房推荐！19年品质小区，全明边套大四房，金茂物业,明园森林都市叠翠苑,大宁,,1620.0,109742.0,107109149635,https://sh.lianjia.com/ershoufang/107109149635.html,4室2厅,147.62,南,精装,低楼层(共33层),2019年
256,静安,南北通三房，有大花园，装修漂亮，诚意出售！,心族公寓,大宁,房本满五年,866.0,84936.0,107107951149,https://sh.lianjia.com/ershoufang/107107951149.html,3室2厅,101.96,南 北,简装,低楼层(共6层),1997年
257,静安,150m达3/4号线 距苏河湾等区域1.1km 业主诚心出售,公兴路11号,西藏北路,房本满五年,299.0,64302.0,107107962600,https://sh.lianjia.com/ershoufang/107107962600.html,2室1厅,46.5,南,简装,高楼层(共6层),1991年
258,静安,延长中路451弄 1室1厅 南 北,延长中路451弄,大宁,房本满五年,308.0,99419.0,107104942750,https://sh.lianjia.com/ershoufang/107104942750.html,1室1厅,30.98,南 北,简装,低楼层(共6层),1987年
259,静安,旭阳苑 2室1厅 南 北,旭阳苑,大宁,房本满五年,670.0,87161.0,107108473167,https://sh.lianjia.com/ershoufang/107108473167.html,2室1厅,76.87,南 北,精装,高楼层(共6层),2000年
260,静安,高区三开间朝南，采光好通透性好，远离马路品质小区,静安丽舍,曹家渡,房本满五年,1250.0,120867.0,107107189740,https://sh.lianjia.com/ershoufang/107107189740.html,2室2厅,103.42,南,简装,高楼层(共33层),2004年
261,静安,内环内 拎包入住 地铁口 房龄新 人民广场三站路,洪远公寓,西藏北路,房本满五年,260.0,75736.0,107107829737,https://sh.lianjia.com/ershoufang/107107829737.html,1室1厅,34.33,南 北,精装,高楼层(共7层),1992年
262,静安,此房朝南，楼层高采光好视野无遮挡。,快乐家苑,大宁,,950.0,77005.0,107106693421,https://sh.lianjia.com/ershoufang/107106693421.html,3室2厅,123.37,南,精装,20层,1999年
263,静安,《急卖急卖急卖》《必须要卖》《大宁滚烫地段》,大宁新村,大宁,房本满五年,230.0,62654.0,107109269765,https://sh.lianjia.com/ershoufang/107109269765.html,1室0厅,36.71,南,简装,高楼层(共6层),1985年
264,静安,房子在老静安区精装修一房一厅拎包入住价格美丽,万航渡路433弄,曹家渡,房本满五年,380.0,113399.0,107108035611,https://sh.lianjia.com/ershoufang/107108035611.html,1室1厅,33.51,南,精装,高楼层(共6层),1990年
265,静安,人广三站 次新房 南北全明户型 位置佳 视野好,黄山锦庭,闸北公园,,391.0,79488.0,107108733142,https://sh.lianjia.com/ershoufang/107108733142.html,1室1厅,49.19,南 北,精装,中楼层(共30层),2019年
266,静安,中间楼层，精装修业主自住，采光无遮挡，看房方便,场中路3308弄,彭浦,房本满五年,280.0,52831.0,107109281942,https://sh.lianjia.com/ershoufang/107109281942.html,2室1厅,53.0,南,简装,高楼层(共4层),板楼
267,静安,一楼带院子，采光好，小区里边，环境幽静，,永和丽园,阳城,,758.0,71101.0,107106785758,https://sh.lianjia.com/ershoufang/107106785758.html,3室2厅,106.61,南,简装,低楼层(共6层),2003年
268,静安,内环内，地铁口高区人车分流品质一房,复地新都国际,西藏北路,房本满五年,920.0,116383.0,107107993823,https://sh.lianjia.com/ershoufang/107107993823.html,1室1厅,79.05,西南,精装,30层,2011年
269,静安,静安区内环内，普通住宅，四轨交汇，配套完善位置安静,中兴财富国际公寓,不夜城,房本满五年,750.0,97151.0,107108820128,https://sh.lianjia.com/ershoufang/107108820128.html,2室1厅,77.2,西南,精装,34层,2005年
270,静安,一师老居委+朝南低总价+静安寺商圈,金家巷小区,曹家渡,房本满五年,390.0,104362.0,107107840176,https://sh.lianjia.com/ershoufang/107107840176.html,1室0厅,37.37,南,简装,高楼层(共7层),1987年
271,静安,新出全明三房+一梯两户+南北通+近地铁+可看可签,锦佳苑,大宁,房本满五年,775.0,84075.0,107106366699,https://sh.lianjia.com/ershoufang/107106366699.html,3室2厅,92.18,南 北,简装,6层,1997年
272,静安,2014年小区，二手入税费低，高区景观好，业主诚意出售,中海万锦城(三期),不夜城,房本满五年,1520.0,110002.0,107105914127,https://sh.lianjia.com/ershoufang/107105914127.html,3室2厅,138.18,南 北,精装,38层,2014年
273,静安,静安区内环内，普通住宅，四轨交汇，配套完善位置安静,中兴财富国际公寓,不夜城,房本满五年,750.0,97151.0,107108820128,https://sh.lianjia.com/ershoufang/107108820128.html,2室1厅,77.2,西南,精装,34层,2005年
274,静安,满五名下仅一套，市北，地铁近，出行方便,虬江大楼,西藏北路,房本满五年,398.0,75680.0,107109029179,https://sh.lianjia.com/ershoufang/107109029179.html,2室0厅,52.59,西南,精装,中楼层(共12层),1988年
275,静安,顶楼电梯房，闹中取静，视野开阔，采光无遮挡，房型正,万荣小区,阳城,房本满五年,450.0,53957.0,107108179700,https://sh.lianjia.com/ershoufang/107108179700.html,2室1厅,83.4,南,简装,高楼层(共6层),1996年
276,静安,老静安2002年小区，一层两户，得房偻高，满五一套,静安恬园,曹家渡,房本满五年,1020.0,74317.0,107109437901,https://sh.lianjia.com/ershoufang/107109437901.html,3室2厅,137.25,南,精装,低楼层(共7层),2002年
277,静安,三期带会所|视野采光好|配套交通齐全| 诚意出售,慧芝湖花园（三期）,大宁,,850.0,100879.0,107109560913,https://sh.lianjia.com/ershoufang/107109560913.html,2室1厅,84.26,西南,精装,高楼层(共25层),2012年
278,静安,南北直通客厅开间4米采光充足楼层低附有露台税费少,永和丽园,阳城,房本满五年,750.0,70284.0,107106570765,https://sh.lianjia.com/ershoufang/107106570765.html,3室2厅,106.71,南 北,简装,低楼层(共6层),2001年
279,静安,老静安昌平路地铁单价6.3万大平层,华通大厦,江宁路,房本满五年,1100.0,63070.0,107107858270,https://sh.lianjia.com/ershoufang/107107858270.html,3室2厅,174.41,东,毛坯,高楼层(共17层),1999年
280,静安,锦沧公寓全明户型南北通两房，电梯房，采光还不错,锦沧公寓,大宁,房本满五年,765.0,78972.0,107109398467,https://sh.lianjia.com/ershoufang/107109398467.html,2室2厅,96.87,南 北,简装,8层,2000年
281,静安,边套南北通房型+闸北公园+地铁,洛川小区,闸北公园,房本满五年,380.0,63029.0,107107923458,https://sh.lianjia.com/ershoufang/107107923458.html,2室1厅,60.29,南,简装,中楼层(共7层),1981年
282,静安,有40平花园+无个税+1梯2户南北通全明户型,永乐苑,大宁,房本满五年,878.0,85144.0,107107417603,https://sh.lianjia.com/ershoufang/107107417603.html,2室2厅,103.12,南,简装,6层,1999年
283,静安,快乐家苑 2室1厅 南,快乐家苑,大宁,房本满五年,580.0,75571.0,107109443320,https://sh.lianjia.com/ershoufang/107109443320.html,2室1厅,76.75,南,精装,20层,1999年
284,静安,新盘急置换短期必卖+随时看+诚售回应快+包家电,金家巷西弄,曹家渡,房本满五年,428.0,108437.0,107107211769,https://sh.lianjia.com/ershoufang/107107211769.html,1室1厅,39.47,南,精装,中楼层(共7层),1992年
285,静安,昌平路地铁口，南北两房，楼层好业主诚意看房提前预约,长城小区,曹家渡,房本满五年,560.0,90076.0,107108003598,https://sh.lianjia.com/ershoufang/107108003598.html,2室1厅,62.17,南,简装,7层,1995年
286,静安,小区中间+电梯小高层+飞机户型+精装修+二手买入税费少,歌林春天馨园,大宁,房本满五年,1390.0,103002.0,107108315187,https://sh.lianjia.com/ershoufang/107108315187.html,3室2厅,134.95,南,精装,中楼层(共8层),2003年
287,静安,急卖大宁三房南北tong好楼层采光亮,大宁路660弄,大宁,房本满五年,550.0,83007.0,107107550694,https://sh.lianjia.com/ershoufang/107107550694.html,3室1厅,66.26,南,简装,高楼层(共6层),1992年
288,静安,美丽家园小区，中间位置，有天井，低总价一房！！,驰骋新苑,彭浦,房本满五年,210.0,43934.0,107109052929,https://sh.lianjia.com/ershoufang/107109052929.html,1室1厅,47.8,南,简装,低楼层(共6层),1994年
289,静安,价格不要设限中间楼层-闸实随时用-楼层好少见全南2房,洛川中路1100弄,大宁,房本满五年,330.0,69665.0,107109417361,https://sh.lianjia.com/ershoufang/107109417361.html,2室0厅,47.37,南,简装,中楼层(共6层),1983年
290,静安,地铁口50米+理想楼层+南北带阳台+五月花对过,苏家巷小区,不夜城,房本满五年,450.0,86092.0,107108230278,https://sh.lianjia.com/ershoufang/107108230278.html,2室1厅,52.27,南,简装,低楼层(共6层),1989年
291,静安,东边套全明户型，朝南一房一厅，精装入住，近地铁,武定西路1474弄,曹家渡,房本满五年,400.0,93349.0,107109651265,https://sh.lianjia.com/ershoufang/107109651265.html,1室1厅,42.85,南,精装,中楼层(共5层),1982年
292,静安,1、顶楼复式三露台 2、靠地铁 3、总价低4、车位不紧张,永灵小区,阳城,,968.0,73019.0,107109219123,https://sh.lianjia.com/ershoufang/107109219123.html,3室2厅,132.57,南,精装,高楼层(共6层),2003年
293,静安,近地铁电梯房 户型方正西窗偏南阳光充足！,洛东大楼,闸北公园,房本满五年,528.0,80000.0,107108598968,https://sh.lianjia.com/ershoufang/107108598968.html,2室1厅,66.0,西北,精装,中楼层(共20层),1986年
294,静安,内环内朝南两房，采光好，视野无遮，近地铁，满五低税,胶州大厦,江宁路,房本满五年,790.0,79382.0,107105159742,https://sh.lianjia.com/ershoufang/107105159742.html,2室2厅,99.52,南,简装,18层,1992年
295,静安,老静安一师+店长力荐+地铁口+精装拎包住,万春小区,曹家渡,房本满五年,398.0,139895.0,107106831029,https://sh.lianjia.com/ershoufang/107106831029.html,1室0厅,28.45,南,精装,6层,1985年
296,静安,既能看江又能看河 东方明珠三件套尽收眼底,河滨豪园,苏河湾,房本满五年,2200.0,143426.0,107109255797,https://sh.lianjia.com/ershoufang/107109255797.html,3室2厅,153.39,南 北,精装,高楼层(共27层),板楼
297,静安,72平使用面积 精装 单价4开头 底楼南北两房 两卧明窗,岭南路270弄,彭浦,,318.0,57745.0,107108072445,https://sh.lianjia.com/ershoufang/107108072445.html,3室1厅,55.07,北 南,简装,低楼层(共6层),1986年
298,静安,蓝朝部落 1室0厅 东,蓝朝部落,曹家渡,房本满五年,295.0,98927.0,107107074322,https://sh.lianjia.com/ershoufang/107107074322.html,1室0厅,29.82,东,精装,中楼层(共31层),2002年
299,静安,楼层好，视野宽阔，交通便利，位置也好，地段也好,蓝朝部落,曹家渡,房本满五年,395.0,87293.0,107108608485,https://sh.lianjia.com/ershoufang/107108608485.html,1室1厅,45.25,南,简装,高楼层(共31层),2002年
300,静安,蓝朝部落 1室0厅 东,蓝朝部落,曹家渡,房本满五年,295.0,98927.0,107107074322,https://sh.lianjia.com/ershoufang/107107074322.html,1室0厅,29.82,东,精装,中楼层(共31层),2002年
301,静安,地铁口低总价三房，户型全明，业主诚意-**面积多！,延长小区(闸北),大宁,,499.0,102234.0,107108197707,https://sh.lianjia.com/ershoufang/107108197707.html,3室1厅,48.81,东南 南 西南,精装,低楼层(共6层),1980年
302,静安,鹏程宝都 2室1厅 南 北,鹏程宝都,彭浦,房本满五年,380.0,42134.0,107109286056,https://sh.lianjia.com/ershoufang/107109286056.html,2室1厅,90.19,南 北,简装,高楼层(共11层),1996年
303,静安,楼层好，视野宽阔，交通便利，位置也好，地段也好,蓝朝部落,曹家渡,房本满五年,395.0,87293.0,107108608485,https://sh.lianjia.com/ershoufang/107108608485.html,1室1厅,45.25,南,简装,高楼层(共31层),2002年
304,静安,全明户型，中高楼层，采光无遮挡,延平路237弄,曹家渡,,518.0,112781.0,107107480301,https://sh.lianjia.com/ershoufang/107107480301.html,2室1厅,45.93,南,精装,7层,1995年
305,静安,老静安曹家渡板块，精装二房，双轨交通，税费各付,华纺小区,曹家渡,,458.0,85496.0,107107477849,https://sh.lianjia.com/ershoufang/107107477849.html,2室1厅,53.57,南 北,精装,6层,1986年
306,静安,老静安曹家渡，电梯中区，朝南通燃气，有钥匙随时可看,蓝朝部落,曹家渡,房本满五年,370.0,117910.0,107105714964,https://sh.lianjia.com/ershoufang/107105714964.html,1室1厅,31.38,南,简装,低楼层(共31层),2002年
307,静安,店长推荐+新上房源+万小板块+双南两房,万航渡路682号,曹家渡,房本满五年,468.0,75049.0,107107178875,https://sh.lianjia.com/ershoufang/107107178875.html,2室1厅,62.36,南,精装,高楼层(共6层),1982年
308,静安,店长推荐：浦东三兄弟尽收眼底，近地铁，全明一房一厅,三泉安居苑,彭浦,,288.0,51374.0,107108743985,https://sh.lianjia.com/ershoufang/107108743985.html,1室1厅,56.06,南,简装,高楼层(共18层),1996年
309,静安,静安区南京西路板块  70年产权  精品住宅 租住双赢,骏豪国际,南京西路,,378.0,77080.0,107108493986,https://sh.lianjia.com/ershoufang/107108493986.html,1室1厅,49.04,西,精装,29层,2004年
310,静安,内环2005年小区+安静位置+人车分流+采光好,中兴财富国际公寓,不夜城,房本满五年,825.0,95920.0,107108379354,https://sh.lianjia.com/ershoufang/107108379354.html,2室2厅,86.01,南,简装,34层,2005年
311,静安,怡乐花园 4室2厅 南 北,怡乐花园,曹家渡,房本满五年,2580.0,135926.0,107108841693,https://sh.lianjia.com/ershoufang/107108841693.html,4室2厅,189.81,南 北,精装,中楼层(共32层),2005年
312,静安,内环内＋8号线中兴路地铁口＋南北大两房＋精装修,复元坊,西藏北路,,795.0,83003.0,107105884879,https://sh.lianjia.com/ershoufang/107105884879.html,3室1厅,95.78,南 北,精装,中楼层(共20层),1994年
313,静安,房子二手买进满五，税少位置安静，高区视野采光无遮挡,中兴财富国际公寓,不夜城,房本满五年,825.0,95920.0,107107982691,https://sh.lianjia.com/ershoufang/107107982691.html,2室2厅,86.01,南,精装,34层,2005年
314,静安,全明两房，户型方正，楼层好，业主诚意出售,南长苑,曹家渡,房本满五年,590.0,101480.0,107109515803,https://sh.lianjia.com/ershoufang/107109515803.html,2室1厅,58.14,南 北,精装,低楼层(共6层),1993年
315,静安,老静安2002年小区，满五税费少，好楼层，得房率高,静安恬园,曹家渡,房本满五年,760.0,89297.0,107108680853,https://sh.lianjia.com/ershoufang/107108680853.html,2室2厅,85.11,南,精装,中楼层(共7层),2002年
316,静安,采光充足！视野宽阔！品质小区！闹中取静!诚意出售！,亿润苑,阳城,房本满五年,950.0,67587.0,107107985318,https://sh.lianjia.com/ershoufang/107107985318.html,3室2厅,140.56,南 北,简装,低楼层(共11层),2005年
317,静安,总监推荐！金纺两房！业主诚意出售！,金纺小区,大宁,,550.0,66466.0,107109303688,https://sh.lianjia.com/ershoufang/107109303688.html,2室1厅,82.75,南,简装,高楼层(共25层),1998年
318,静安,内环内 低总价 地铁口电梯全明两房 单价6开头价格可谈,包运大厦,西藏北路,房本满五年,465.0,61827.0,107107646899,https://sh.lianjia.com/ershoufang/107107646899.html,2室1厅,75.21,南 北,简装,低楼层(共25层),1996年
319,静安,位置安静，2021年两百万装修，有产权车位,达安花园,曹家渡,,2280.0,95578.0,107108806036,https://sh.lianjia.com/ershoufang/107108806036.html,4室2厅,238.55,南 北,精装,中楼层(共24层),2001年
320,静安,采光通风好  中间楼层  看房随时  业主诚意出售,延长中路451弄,大宁,,210.0,85680.0,107108431995,https://sh.lianjia.com/ershoufang/107108431995.html,1室0厅,24.51,北,精装,中楼层(共6层),1986年
321,静安,非顶楼，高得房率，全明户型，m五唯y，看房方便,金泉苑(闸北),彭浦,房本满五年,485.0,57911.0,107108674443,https://sh.lianjia.com/ershoufang/107108674443.html,3室1厅,83.75,南 北,简装,高楼层(共6层),1997年
322,静安,内环内花园式小区全明双南两房边套大阳台大露台,灵广花园,不夜城,房本满五年,725.0,80155.0,107107302752,https://sh.lianjia.com/ershoufang/107107302752.html,2室1厅,90.45,南,简装,高楼层(共7层),1998年
323,静安,税费低 光照充足 配套齐全 交通便利,延长中路451弄,大宁,房本满五年,298.0,82298.0,107106620930,https://sh.lianjia.com/ershoufang/107106620930.html,1室1厅,36.21,南,简装,低楼层(共6层),1987年
324,静安,内环内地铁口大四房 交通便利 生活方便,公兴路5号,西藏北路,房本满五年,750.0,72185.0,107108821325,https://sh.lianjia.com/ershoufang/107108821325.html,4室2厅,103.9,东南,简装,6层,1990年
325,静安,房型正气 得房率高 采光好 位置好,粤秀苑,大宁,房本满五年,470.0,71625.0,107108910510,https://sh.lianjia.com/ershoufang/107108910510.html,2室1厅,65.62,南,精装,高楼层(共6层),1996年
326,静安,总校+次新+电梯房+非底楼+免征个税+免征增值税,大宁龙盛雅苑,大宁,房本满五年,530.0,110625.0,107107347922,https://sh.lianjia.com/ershoufang/107107347922.html,1室1厅,47.91,南,精装,低楼层(共28层),2012年
327,静安,新静安+配套齐全+出行方便+美丽新家园,康泉小区,彭浦,房本满五年,165.0,54600.0,107109060197,https://sh.lianjia.com/ershoufang/107109060197.html,1室0厅,30.22,南,简装,低楼层(共6层),1993年
328,静安,慧芝湖二期，高区2+1户型，三开间向阳，满五年税少,慧芝湖花园（一二期）,大宁,房本满五年,1260.0,118992.0,107109078604,https://sh.lianjia.com/ershoufang/107109078604.html,2室2厅,105.89,南,精装,高楼层(共32层),2009年
329,静安,此房满⑤年，一梯二户  税费少，诚意出售,旭阳苑,大宁,房本满五年,620.0,71893.0,107107363856,https://sh.lianjia.com/ershoufang/107107363856.html,2室1厅,86.24,南,简装,高楼层(共6层),2000年
330,长宁,业主急售，东边套双南两房，位置安静，近宋园路地铁站,爱建小区,虹桥,,360.0,66667.0,107109349957,https://sh.lianjia.com/ershoufang/107109349957.html,2室1厅,54.0,南,简装,低楼层(共6层),1983年
331,长宁,满五，房型正气，楼层好，阳光好，配套齐全交通方便,东方金门花园,新华路,房本满五年,998.0,97528.0,107108540806,https://sh.lianjia.com/ershoufang/107108540806.html,2室2厅,102.33,南,精装,中楼层(共23层),2003年
332,长宁,内环内，00年商品房，板式全明户型，装修好诚意卖,颐德名苑,新华路,房本满五年,948.0,97622.0,107109009790,https://sh.lianjia.com/ershoufang/107109009790.html,2室2厅,97.11,南,精装,中楼层(共18层),2000年
333,长宁,全天采光，视野开阔，房型方正，房龄新 诚意出售,番禺路222弄,新华路,房本满五年,236.0,66461.0,107109598172,https://sh.lianjia.com/ershoufang/107109598172.html,1室0厅,35.51,南,简装,低楼层(共7层),1993年
334,长宁,双南两房，户型正气，小区中间位置安静，,大孚新村,中山公园,房本满五年,358.0,63509.0,107109567592,https://sh.lianjia.com/ershoufang/107109567592.html,2室1厅,56.37,南,精装,低楼层(共6层),1991年
335,长宁,长宁区内环内，朝南一室户，小户型，总价低。,新海小区(长宁),镇宁路,房本满五年,313.0,82002.0,107108477312,https://sh.lianjia.com/ershoufang/107108477312.html,1室1厅,38.17,南,简装,中楼层(共5层),1977年
336,长宁,96年小区 边套全明，精装，可拎包入住，看房方便,中华小区,新华路,,239.0,60985.0,107108826441,https://sh.lianjia.com/ershoufang/107108826441.html,1室1厅,39.19,南,精装,高楼层(共7层),1996年
337,长宁,一梯两户，小高层景观房，精装拎包入住，税费少,虹桥新城,中山公园,房本满五年,1088.0,108670.0,107107405064,https://sh.lianjia.com/ershoufang/107107405064.html,2室2厅,100.12,南,精装,高楼层(共12层),2000年
338,长宁,单价五万多电梯房，有钥匙随时可看！,金麟公寓,古北,房本满五年,659.0,53845.0,107107170508,https://sh.lianjia.com/ershoufang/107107170508.html,3室2厅,122.39,北 东北,精装,低楼层(共10层),1997年
339,长宁,04年商品住宅  有车位  价格便宜  房型好,友力大厦,新华路,房本满五年,1580.0,69764.0,107109420827,https://sh.lianjia.com/ershoufang/107109420827.html,3室4厅,226.48,南 北,精装,低楼层(共8层),2004年
340,长宁,小区后排，不靠马路，装修可以拎包入住,四季晶园,古北,房本满五年,1350.0,96692.0,107109839859,https://sh.lianjia.com/ershoufang/107109839859.html,3室2厅,139.62,南,精装,低楼层(共18层),2003年
341,长宁,地铁边上，中环内，纯别墅小区，车位充足,西郊华庭,虹桥,,1540.0,90615.0,107108413089,https://sh.lianjia.com/ershoufang/107108413089.html,3室1厅,169.95,南 北,精装,中楼层(共4层),1998年
342,长宁,有电梯 中间楼层 一房一厅 瑧便宜,虹欣小区,虹桥,房本满五年,219.0,63868.0,107107521587,https://sh.lianjia.com/ershoufang/107107521587.html,1室1厅,34.29,南,简装,中楼层(共6层),1985年
343,长宁,长宁区政府旁，低总价边套，近地铁，满五税少，配套全,华阳路298弄,中山公园,房本满五年,288.0,70416.0,107109661372,https://sh.lianjia.com/ershoufang/107109661372.html,1室1厅,40.9,南 西,精装,高楼层(共6层),1987年
344,长宁,10号线宋园路地铁口，南北通风，业主诚意出售。,邮航小区,虹桥,房本满五年,336.0,66562.0,107109835756,https://sh.lianjia.com/ershoufang/107109835756.html,2室0厅,50.48,南,精装,中楼层(共5层),1982年
345,长宁,金菊小区，南北通两房，价格实惠，楼层好，成熟社区,金菊小区,北新泾,房本满五年,250.0,51146.0,107108626989,https://sh.lianjia.com/ershoufang/107108626989.html,2室0厅,48.88,南,精装,低楼层(共6层),1994年
346,长宁,地铁口30米，高区景观，东南朝向一房！,华山花苑,镇宁路,房本满五年,338.0,78332.0,107109540653,https://sh.lianjia.com/ershoufang/107109540653.html,1室0厅,43.15,东南,简装,高楼层(共26层),1995年
347,长宁,此房满五，视野宽阔，采光充足，配套齐全,瑞冬小区,北新泾,房本满五年,165.0,51563.0,107109762010,https://sh.lianjia.com/ershoufang/107109762010.html,1室1厅,32.0,南,精装,高楼层(共6层),1994年
348,长宁,满五年 低总价小两房，同类型产品少 一梯二户,绿园十村,北新泾,,355.0,50092.0,107109508227,https://sh.lianjia.com/ershoufang/107109508227.html,2室1厅,70.87,南,简装,中楼层(共6层),1996年
349,长宁,两南一北飞机户型三房，西郊别墅区，04年竣工,北顾小区,西郊,房本满五年,550.0,55601.0,107108828308,https://sh.lianjia.com/ershoufang/107108828308.html,3室2厅,98.92,南 北,精装,高楼层(共6层),2003年
350,长宁,东边套全明一室一厅、近地铁、配套齐全、业主诚意出售,杨宅小区,新华路,房本满五年,340.0,66785.0,107109446253,https://sh.lianjia.com/ershoufang/107109446253.html,1室1厅,50.91,南,精装,中楼层(共6层),1986年
351,长宁,低密度叠墅社区，满五年，位置安静,西郊华庭,虹桥,房本满五年,1500.0,92048.0,107109064985,https://sh.lianjia.com/ershoufang/107109064985.html,3室2厅,162.96,南 北,精装,低楼层(共2层),1998年
352,长宁,内环次新大平层~人车分流，全套房设计，1梯1户诚意售,虹康昭晖苑,中山公园,,2980.0,144893.0,107106593939,https://sh.lianjia.com/ershoufang/107106593939.html,4室2厅,205.67,东南,精装,低楼层(共7层),2020年
353,长宁,精选一室一厅 拎包入住 东边有窗 采光通透 有小厅,安顺路287号,虹桥,房本满五年,220.0,64047.0,107109262546,https://sh.lianjia.com/ershoufang/107109262546.html,1室1厅,34.35,南,精装,中楼层(共6层),1982年
354,长宁,3-4-1o号虹桥路地铁站，精装大一房非顶楼，随时可看,长顺路50弄,新华路,房本满五年,266.0,60676.0,107108468185,https://sh.lianjia.com/ershoufang/107108468185.html,1室1厅,43.84,南,精装,高楼层(共6层),1985年
355,长宁,此房满五 南北通透 楼层好 交通便利,友谊新村(长宁),中山公园,房本满五年,350.0,58431.0,107107742188,https://sh.lianjia.com/ershoufang/107107742188.html,2室1厅,59.9,南 北,毛坯,低楼层(共6层),板楼
356,长宁,急售好房：近地铁、房龄新、楼层好、视野佳、精装修,虹桥中园,西郊,,965.0,74581.0,107109741415,https://sh.lianjia.com/ershoufang/107109741415.html,3室2厅,129.39,南 北,精装,中楼层(共14层),2006年
357,长宁,满五且一，精品小区，车位满足，配套成熟,虹仙小区,仙霞,,235.0,64191.0,107109375487,https://sh.lianjia.com/ershoufang/107109375487.html,1室1厅,36.61,南,简装,中楼层(共6层),1989年
358,长宁,百年新华路，正气小三房，满五，老业主委托诚意卖,百花村,新华路,房本满五年,566.0,75337.0,107108414867,https://sh.lianjia.com/ershoufang/107108414867.html,3室1厅,75.13,南,简装,中楼层(共6层),1981年
359,长宁,此房满五年，小区已做好美丽家园改造，近地铁、公园,长江小区,中山公园,房本满五年,230.0,75509.0,107109879057,https://sh.lianjia.com/ershoufang/107109879057.html,1室1厅,30.46,南,毛坯,中楼层(共6层),1995年
360,长宁,满五年，视野开阔，精品小区采光充足,中华小区,新华路,房本满五年,298.0,51522.0,107106692047,https://sh.lianjia.com/ershoufang/107106692047.html,2室1厅,57.84,南,简装,高楼层(共6层),1982年
361,长宁,东边套全明   安静位置不吵   精品小区环境好  配套齐,长虹小区,新华路,房本满五年,251.0,69936.0,107108861801,https://sh.lianjia.com/ershoufang/107108861801.html,1室1厅,35.89,南,简装,高楼层(共6层),1985年
362,长宁,飞机户型+高区电梯+带产权车位,嘉利豪园,西郊,房本满五年,998.0,82310.0,107107911999,https://sh.lianjia.com/ershoufang/107107911999.html,3室2厅,121.25,南,精装,高楼层(共18层),2003年
363,长宁,电梯房，全明双南户型，中间楼层，业主诚意出售,绿园一村,北新泾,房本满五年,398.0,50355.0,107109822879,https://sh.lianjia.com/ershoufang/107109822879.html,2室1厅,79.04,南,精装,中楼层(共6层),1997年
364,长宁,近地铁 精装修 中间楼层 小区中间位置,新泾七村,北新泾,房本满五年,277.0,59854.0,107109108782,https://sh.lianjia.com/ershoufang/107109108782.html,2室1厅,46.28,南,精装,中楼层(共6层),1992年
365,长宁,新上中低层必看！地铁550米，13年电梯，急售好房！,剑河家苑,北新泾,,370.0,66703.0,107108884040,https://sh.lianjia.com/ershoufang/107108884040.html,1室1厅,55.47,南,简装,低楼层(共14层),2013年
366,长宁,金淞好房！近2号线淞虹路！宜家荟聚旁！品质带电梯！,金淞家园,北新泾,房本满五年,393.0,71364.0,107106003386,https://sh.lianjia.com/ershoufang/107106003386.html,1室1厅,55.07,南,精装,低楼层(共13层),2007年
367,长宁,古北优质精致3房，园林式小区，半人车分流,皇家花园,虹桥,房本满五年,1380.0,104167.0,107108099289,https://sh.lianjia.com/ershoufang/107108099289.html,3室2厅,132.48,南,精装,高楼层(共36层),2007年
368,长宁,近地铁 中间楼梯层 精装修 小区中间 不靠马路,杜家宅小区,仙霞,房本满五年,299.0,57051.0,107109442189,https://sh.lianjia.com/ershoufang/107109442189.html,2室1厅,52.41,南,简装,中楼层(共6层),1984年
369,长宁,天山星城南北通两房，有产权车位，2号线威宁路地铁口,天山星城,天山,房本满五年,1099.0,104807.0,107109633471,https://sh.lianjia.com/ershoufang/107109633471.html,2室2厅,104.86,南 北,精装,低楼层(共14层),2008年
370,长宁,随时看房!带产权车位!样板间装修伶包入住!业主急售!,古北中央花园,古北,房本满五年,1999.0,128777.0,107109675599,https://sh.lianjia.com/ershoufang/107109675599.html,3室2厅,155.23,南,精装,11层,2003年
371,长宁,新上，双南户型、花园位置，诚意出售，欢迎预约看房,虹霞小区,仙霞,房本满五年,250.0,51750.0,107109407946,https://sh.lianjia.com/ershoufang/107109407946.html,2室1厅,48.31,南,简装,高楼层(共6层),1988年
372,长宁,嘉年特殊户型，边套，二楼有带窗的小书房，双地铁,古北嘉年华庭,古北,房本满五年,699.0,91409.0,107109013106,https://sh.lianjia.com/ershoufang/107109013106.html,1室1厅,76.47,南,精装,9层,2005年
373,长宁,10号线龙溪路地铁口+双南+一梯两户+中高楼层+急售,虹梅花苑,西郊,房本满五年,320.0,56528.0,107109598156,https://sh.lianjia.com/ershoufang/107109598156.html,2室1厅,56.61,南,简装,高楼层(共6层),1994年
374,长宁,小区中间位置，采光不遮挡，税费少，绝世好房,天山星城,天山,房本满五年,510.0,100217.0,107109848173,https://sh.lianjia.com/ershoufang/107109848173.html,1室1厅,50.89,南,精装,低楼层(共14层),2006年
375,长宁,电梯加装完毕+免征增值税、免征个税+3条地铁线,水霞小区,仙霞,房本满五年,365.0,69103.0,107108840942,https://sh.lianjia.com/ershoufang/107108840942.html,2室1厅,52.82,南,简装,中楼层(共6层),1988年
376,长宁,中山公园板块 双双商圈 背靠苏河S湾 2梯2户 看房方便,虹桥馨苑,中山公园,房本满五年,1199.0,90477.0,107109149552,https://sh.lianjia.com/ershoufang/107109149552.html,3室2厅,132.52,南 北,精装,中楼层(共18层),2003年
377,长宁,品质商品房 低总价两房 位置安静 视野采光好 居家装修,海富公寓,新华路,房本满五年,598.0,74332.0,107109487177,https://sh.lianjia.com/ershoufang/107109487177.html,2室1厅,80.45,西南 西,精装,中楼层(共24层),1998年
378,长宁,近徐汇交通大学，电梯两房，厨卫全明户型,云阳花苑,新华路,房本满五年,670.0,72036.0,107109294220,https://sh.lianjia.com/ershoufang/107109294220.html,2室2厅,93.01,南,简装,中楼层(共16层),1997年
379,长宁,一口价，错过拍大腿，满五年，看房方便,水仙苑,仙霞,,350.0,51155.0,107106397839,https://sh.lianjia.com/ershoufang/107106397839.html,2室1厅,68.42,南,精装,低楼层(共24层),1990年
380,长宁,近2号线淞虹路地铁站，一梯两户，双南东边套全明,定威小区,北新泾,房本满五年,368.0,50668.0,107109156036,https://sh.lianjia.com/ershoufang/107109156036.html,2室1厅,72.63,南,简装,高楼层(共6层),1999年
381,长宁,01年花园式小区 近地铁 绿化高 有会所  停车方便,华敏世纪广场,镇宁路,房本满五年,790.0,77187.0,107109114564,https://sh.lianjia.com/ershoufang/107109114564.html,2室2厅,102.35,东南 南,简装,低楼层(共26层),2001年
382,长宁,户型正，全明，高区，采光充足，视野开阔，地铁口！,东镇小区,新华路,房本满五年,590.0,87060.0,107109418020,https://sh.lianjia.com/ershoufang/107109418020.html,2室1厅,67.77,南,简装,中楼层(共18层),1992年
383,长宁,边套全明，满五唯、一，采光无遮挡，视野开阔,长江小区,中山公园,房本满五年,368.0,65053.0,107108606519,https://sh.lianjia.com/ershoufang/107108606519.html,2室1厅,56.57,南 北,精装,高楼层(共6层),1985年
384,长宁,凯欣二期-中楼层-精装三房-普宅1%个税,凯欣豪园,中山公园,房本满五年,1550.0,109117.0,107108987986,https://sh.lianjia.com/ershoufang/107108987986.html,3室2厅,142.05,南,精装,中楼层(共20层),2008年
385,长宁,满五名下一套  高区南北通 全明三房正看中山公园景观,兆丰嘉园,中山公园,房本满五年,1620.0,102539.0,107109457149,https://sh.lianjia.com/ershoufang/107109457149.html,3室2厅,157.99,南,精装,高楼层(共34层),2004年
386,长宁,中山公园地铁口，单价低，大三房，双会所,圣约翰名邸,中山公园,房本满五年,1240.0,85465.0,107109499282,https://sh.lianjia.com/ershoufang/107109499282.html,3室2厅,145.09,南,精装,低楼层(共31层),2002年
387,长宁,板式户型，出门即是百年愚园路，几年出一套的户型,海信花苑,中山公园,房本满五年,1042.0,90038.0,107109234361,https://sh.lianjia.com/ershoufang/107109234361.html,3室2厅,115.73,南,精装,中楼层(共24层),1997年
388,长宁,准电梯房！双南户型！精品小区！诚意出售！,虹桥机场新村,西郊,,239.0,49927.0,107109835375,https://sh.lianjia.com/ershoufang/107109835375.html,2室1厅,47.87,南,精装,中楼层(共5层),1984年
389,长宁,双南两房，精装修，拎包入住，近虹桥路地铁站,虹桥路967弄,新华路,,328.0,70296.0,107109803368,https://sh.lianjia.com/ershoufang/107109803368.html,2室1厅,46.66,南,精装,中楼层(共6层),1983年
390,长宁,标准一室一厅，成熟商圈出租自住皆合适，采光刺眼,虹古小区,虹桥,房本满五年,269.0,67708.0,107106082178,https://sh.lianjia.com/ershoufang/107106082178.html,1室1厅,39.73,南,简装,高楼层(共6层),1985年
391,长宁,此房满五，双南两房，南北通，楼层好，视野好，采光好,威宁小区,仙霞,房本满五年,705.0,77815.0,107107626545,https://sh.lianjia.com/ershoufang/107107626545.html,2室2厅,90.6,南,精装,中楼层(共6层),1996年
392,长宁,上叠别墅+户型方正+车位充足+环境优美,西郊宝成花苑,西郊,房本满五年,1899.0,98876.0,107108267436,https://sh.lianjia.com/ershoufang/107108267436.html,4室2厅,192.06,南,精装,中楼层(共4层),2001年
393,长宁,仁恒三期25号南北苏州河畔景观房 带地下车位,仁恒河滨花园,天山,房本满五年,2450.0,132734.0,107107802078,https://sh.lianjia.com/ershoufang/107107802078.html,3室2厅,184.58,南 北,精装,31层,2006年
394,长宁,钻石公寓 3室2厅 南 北,钻石公寓,古北,房本满五年,980.0,74656.0,107107281984,https://sh.lianjia.com/ershoufang/107107281984.html,3室2厅,131.27,南 北,精装,高楼层(共6层),1992年
395,长宁,中山公园板块   高区视野无遮挡   装修好  看房方便,春天花园,中山公园,,1750.0,109753.0,107109197305,https://sh.lianjia.com/ershoufang/107109197305.html,3室2厅,159.45,南 西 北,精装,高楼层(共21层),2004年
396,长宁,满五年税费少，高区景观房，会当凌绝顶，一览众山小,中星美华邨(公寓),虹桥,,2899.0,129623.0,107106666627,https://sh.lianjia.com/ershoufang/107106666627.html,4室2厅,223.65,东南 南 北,精装,36层,2011年
397,长宁,品质小区 户型方正 位置好 近地铁 满五,淞虹公寓,北新泾,房本满五年,580.0,60411.0,107107855718,https://sh.lianjia.com/ershoufang/107107855718.html,3室2厅,96.01,南,简装,高楼层(共6层),1998年
398,长宁,品质外销房，高区景观，采光视野好，户型方正，双阳台,维多利亚(公寓),古北,房本满五年,1160.0,78982.0,107106557407,https://sh.lianjia.com/ershoufang/107106557407.html,2室2厅,146.87,西 北,简装,高楼层(共23层),1996年
399,长宁,业主诚意出售，目前有租客，满五，买进价高。诚售,上城Uptown,古北,房本满五年,1550.0,92295.0,107104927561,https://sh.lianjia.com/ershoufang/107104927561.html,3室2厅,167.94,南 北,精装,中楼层(共18层),2003年
400,长宁,大三房 全明户型 诚意出售 提前预约 随时恭候,虹园六村,北新泾,房本满五年,510.0,64639.0,107104272231,https://sh.lianjia.com/ershoufang/107104272231.html,3室1厅,78.9,南 西,简装,高楼层(共6层),1995年
401,长宁,钻石公寓早期外销房，近地铁，楼层好，朝南看小区花园,钻石公寓,古北,房本满五年,798.0,77657.0,107107461241,https://sh.lianjia.com/ershoufang/107107461241.html,2室2厅,102.76,南,简装,低楼层(共6层),1992年
402,长宁,精美装修一梯两户近地铁，随时看，业主诚意出售,华松东区 （仙霞西路630弄）,北新泾,房本满五年,510.0,61849.0,107107598961,https://sh.lianjia.com/ershoufang/107107598961.html,2室1厅,82.46,南,精装,高楼层(共6层),1995年
403,长宁,鹿特丹花园全朝南2房看小区花园，不靠马路，高楼层,鹿特丹花园,古北,房本满五年,1050.0,92170.0,107108289287,https://sh.lianjia.com/ershoufang/107108289287.html,2室2厅,113.92,南,精装,高楼层(共10层),1996年
404,长宁,内环内中山公园板块，高品质小区，人车分流住户层次高,凯欣豪园,中山公园,房本满五年,1450.0,122715.0,107108738536,https://sh.lianjia.com/ershoufang/107108738536.html,2室2厅,118.16,东南,精装,高楼层(共38层),2005年
405,长宁,近百联购物商场，满五年，1梯2户，南北通，采光好,翠春小区,北新泾,房本满五年,290.0,56575.0,107106575503,https://sh.lianjia.com/ershoufang/107106575503.html,1室1厅,51.26,南,精装,高楼层(共6层),1996年
406,长宁,房屋满五税费低，婚房精装修，厨卫全明,绿园十二村,北新泾,房本满五年,260.0,56856.0,107108247682,https://sh.lianjia.com/ershoufang/107108247682.html,1室1厅,45.73,南,精装,高楼层(共6层),1996年
407,长宁,新泾家苑，满五精装一房，中间楼层价格合适,新泾家苑,西郊,,315.0,59267.0,107106734344,https://sh.lianjia.com/ershoufang/107106734344.html,1室1厅,53.15,南,精装,中楼层(共6层),2009年
408,长宁,近北新泾地铁，交通线路四通八达。,新泾四村,北新泾,房本满五年,297.0,67809.0,107107672666,https://sh.lianjia.com/ershoufang/107107672666.html,2室0厅,43.8,南,简装,低楼层(共6层),1993年
409,长宁,交大地铁口精装2房，低总价，业主诚意,华山花苑,镇宁路,房本满五年,698.0,86709.0,107108341392,https://sh.lianjia.com/ershoufang/107108341392.html,2室1厅,80.5,西南,精装,低楼层(共26层),1995年
410,长宁,挑战仙霞两房冰点价格，购房成本低,仙蓉花苑,仙霞,,320.0,69040.0,107107757980,https://sh.lianjia.com/ershoufang/107107757980.html,2室1厅,46.35,南 北,简装,高楼层(共6层),1992年
411,长宁,次新小区，双轨交通，精装修高区大1房，税费少。,新天地河滨花园,天山,,880.0,123805.0,107109560493,https://sh.lianjia.com/ershoufang/107109560493.html,1室2厅,71.08,南,简装,高楼层(共32层),2011年
412,长宁,双南两房，满五年，交通便利，小区中间位置,馨虹小区,北新泾,房本满五年,470.0,67665.0,107104191126,https://sh.lianjia.com/ershoufang/107104191126.html,2室1厅,69.46,南,精装,低楼层(共6层),1995年
413,长宁,1梯2户，非顶楼，10/11号线交通大学站，满五唯Ⅰ,法华镇路101弄,新华路,房本满五年,260.0,87220.0,107109018488,https://sh.lianjia.com/ershoufang/107109018488.html,1室1厅,29.81,南,简装,高楼层(共7层),1984年
414,长宁,近地铁2011年低密度电梯小洋房精装朝南一房两厅来了,新天地河滨花园,天山,房本满五年,810.0,122339.0,107107836245,https://sh.lianjia.com/ershoufang/107107836245.html,1室2厅,66.21,南,精装,高楼层(共8层),2011年
415,长宁,总价低，满五，10号线，钥匙房，诚意出售,钻石公寓,古北,房本满五年,784.0,76295.0,107105431739,https://sh.lianjia.com/ershoufang/107105431739.html,2室2厅,102.76,南,精装,高楼层(共6层),1992年
416,长宁,不靠马路，全明一房一厅，动迁房税少，业主诚售,新泾家苑,西郊,房本满五年,320.0,60207.0,107107506979,https://sh.lianjia.com/ershoufang/107107506979.html,1室1厅,53.15,南,简装,高楼层(共6层),2009年
417,长宁,2009年小区，一房一厅带阁楼，采光好不靠马路，好停车,新泾家苑,西郊,,330.0,62089.0,107109040760,https://sh.lianjia.com/ershoufang/107109040760.html,1室1厅,53.15,南,简装,高楼层(共6层),2009年
418,长宁,内环内 新华板块地铁10号线旁 900万内电梯三房,华山花苑,镇宁路,房本满五年,892.0,92898.0,107107744605,https://sh.lianjia.com/ershoufang/107107744605.html,3室1厅,96.02,南,简装,低楼层(共25层),1995年
419,长宁,10号线宋园路地铁口、朝南全明户型，中间楼层税费少,邮航小区,虹桥,房本满五年,249.0,74843.0,107107524512,https://sh.lianjia.com/ershoufang/107107524512.html,1室0厅,33.27,南,简装,中楼层(共5层),1981年
420,长宁,金象公寓 4室2厅 东 西,金象公寓,古北,房本满五年,1618.0,77030.0,107109589930,https://sh.lianjia.com/ershoufang/107109589930.html,4室2厅,210.05,东 西,精装,低楼层(共3层),1994年
421,长宁,2012年的次新房 顶楼复式  高区前后看景观,新天地河滨花园,天山,,3150.0,105787.0,107106144020,https://sh.lianjia.com/ershoufang/107106144020.html,6室3厅,297.77,南,精装,高楼层(共34层),2011年
422,长宁,法华镇路315弄 1室1厅 南,法华镇路315弄,新华路,房本满五年,349.0,83017.0,107109434947,https://sh.lianjia.com/ershoufang/107109434947.html,1室1厅,42.04,南,精装,中楼层(共6层),1992年
423,长宁,高品质园林小区，小户型，中间楼层，采光好，业主诚售,东方金门花园,新华路,房本满五年,498.0,116356.0,107106534986,https://sh.lianjia.com/ershoufang/107106534986.html,1室1厅,42.8,西北,精装,低楼层(共35层),2003年
424,长宁,一楼带10平花园，宋园路地铁口200米，中式庭院风精装,虹一小区,虹桥,,580.0,119048.0,107106641933,https://sh.lianjia.com/ershoufang/107106641933.html,2室1厅,48.72,南,精装,低楼层(共6层),1978年
425,长宁,西郊200平大平层，感受自然环境天然氧吧，满5不v1,西郊宝成花苑,西郊,房本满五年,1988.0,88727.0,107106752118,https://sh.lianjia.com/ershoufang/107106752118.html,3室2厅,224.06,南,精装,中楼层(共12层),2003年
426,长宁,2号线地铁口精装全明两室诚意出售看房随时,新泾一村,北新泾,房本满五年,330.0,62007.0,107109096145,https://sh.lianjia.com/ershoufang/107109096145.html,2室0厅,53.22,南,精装,低楼层(共6层),1985年
427,长宁,华丽家族古北花园，复式，诚意出售,华丽家族古北花园,古北,房本满五年,5500.0,164538.0,107107760308,https://sh.lianjia.com/ershoufang/107107760308.html,6室2厅,334.27,南,精装,高楼层(共16层),2005年
428,长宁,内环内新华路2004年，干挂石材外立面，单价低总价低,迎龙大厦(公寓),新华路,房本满五年,1580.0,62286.0,107106648723,https://sh.lianjia.com/ershoufang/107106648723.html,3室1厅,253.67,南 北,毛坯,中楼层(共23层),2004年
429,长宁,98年商品房小区 一梯两户全明 户型正气 诚意出售,淞虹公寓,北新泾,房本满五年,470.0,59972.0,107107606768,https://sh.lianjia.com/ershoufang/107107606768.html,2室1厅,78.37,东,简装,高楼层(共6层),1998年
430,长宁,急售，满五年V一，业主急售，看中可以聊，老业主委托,华山花苑,镇宁路,房本满五年,718.0,88348.0,107108104912,https://sh.lianjia.com/ershoufang/107108104912.html,2室1厅,81.27,南 西南,简装,高楼层(共26层),1996年
431,长宁,近地铁高区电梯房，双西南户型，视野开阔,虹古大楼,仙霞,房本满五年,458.0,59404.0,107108161668,https://sh.lianjia.com/ershoufang/107108161668.html,2室1厅,77.1,南,简装,高楼层(共24层),1993年
432,长宁,精装一房 采光充足 拎包入住 进地铁 品质小区诚意出售,淞虹公寓,北新泾,房本满五年,355.0,66742.0,107108436355,https://sh.lianjia.com/ershoufang/107108436355.html,1室1厅,53.19,南,精装,高楼层(共6层),1998年
433,长宁,内环新华路04年小区，70年住宅，挑空客厅，税费各付,迎龙大厦(公寓),新华路,房本满五年,1760.0,61774.0,107106648708,https://sh.lianjia.com/ershoufang/107106648708.html,4室1厅,284.91,南 北,简装,中楼层(共23层),2004年
434,长宁,南北直通，飞机户型，两梯一户，有保姆间,华丽家族古北花园,古北,房本满五年,3200.0,155340.0,107107671092,https://sh.lianjia.com/ershoufang/107107671092.html,3室2厅,206.0,南,简装,低楼层(共21层),2005年
435,长宁,店长推荐⭐⭐⭐⭐⭐华松东区非顶楼，对绿苑，业主诚售,华松东区 （仙霞西路630弄）,北新泾,房本满五年,470.0,59209.0,107108754308,https://sh.lianjia.com/ershoufang/107108754308.html,2室1厅,79.38,南,简装,高楼层(共6层),1995年
436,长宁,建在公园里的家，推窗见绿，别墅视野,云阳村,新华路,房本满五年,580.0,100486.0,107108690437,https://sh.lianjia.com/ershoufang/107108690437.html,2室0厅,57.72,南,简装,高楼层(共6层),1984年
437,长宁,满五唯 一 视野开阔，三轨交汇，内环内2010年次新房,紫勋风雅苑,新华路,房本满五年,723.0,94424.0,107105452527,https://sh.lianjia.com/ershoufang/107105452527.html,1室1厅,76.57,南 北,精装,低楼层(共11层),2010年
438,长宁,长宁区近地铁10号线71路公交大两房,延北小区,西郊,房本满五年,520.0,58166.0,107107967125,https://sh.lianjia.com/ershoufang/107107967125.html,2室1厅,89.4,南,精装,低楼层(共5层),1991年
439,长宁,精装修拎包入住、低密度居住舒适、一梯两户得房高,中山元一新苑,新华路,,2680.0,111723.0,107108126543,https://sh.lianjia.com/ershoufang/107108126543.html,5室2厅,239.88,南 北,精装,高楼层(共8层),2002年
440,长宁,东边套全明，厨、卫、客厅均有窗，各税各付。,仙逸小区,仙霞,,299.0,73974.0,107106965936,https://sh.lianjia.com/ershoufang/107106965936.html,1室1厅,40.42,南,精装,中楼层(共6层),1985年
441,长宁,内环边电梯高区，大户型，单价低,开城公寓,古北,房本满五年,1000.0,72213.0,107104547170,https://sh.lianjia.com/ershoufang/107104547170.html,3室2厅,138.48,西,精装,高楼层(共18层),1997年
442,长宁,中环内  三房两卫 采光好 价格实惠,河风丽景,天山,房本满五年,1028.0,85553.0,107109212301,https://sh.lianjia.com/ershoufang/107109212301.html,3室2厅,120.16,南,简装,低楼层(共15层),2004年
443,长宁,虹一小区 1室0厅 南,虹一小区,虹桥,房本满五年,230.0,79311.0,107108253842,https://sh.lianjia.com/ershoufang/107108253842.html,1室0厅,29.0,南,简装,高楼层(共6层),1979年
444,长宁,满五V壹，古北一期马赛花园卧室全朝南的精装修大3房,马赛花园,古北,,1400.0,82228.0,107108920234,https://sh.lianjia.com/ershoufang/107108920234.html,3室2厅,170.26,南,精装,低楼层(共13层),1996年
445,长宁,中间楼层，一梯两户，钥匙随时可以看,翠春小区,北新泾,房本满五年,420.0,60415.0,107109558773,https://sh.lianjia.com/ershoufang/107109558773.html,2室1厅,69.52,南,精装,中楼层(共6层),1996年
446,长宁,12年小区，一梯两户全明户型，格局方正，小区安静位置,新泾北苑,北新泾,,470.0,60960.0,107109290041,https://sh.lianjia.com/ershoufang/107109290041.html,2室1厅,77.1,南,简装,低楼层(共6层),2012年
447,长宁,满五年，户型方正 格局正规 一梯两户,福泉路450弄,北新泾,房本满五年,318.0,58030.0,107107632077,https://sh.lianjia.com/ershoufang/107107632077.html,1室1厅,54.8,南,精装,低楼层(共6层),1997年
448,长宁,园林式的社区，优质高区景观房，仁恒满足您对家的想象,仁恒河滨花园,天山,房本满五年,2200.0,122741.0,107101926645,https://sh.lianjia.com/ershoufang/107101926645.html,3室2厅,179.24,西北,精装,21层,2004年
449,长宁,西郊纯人车分流小区，不靠高架，朝南看小区花园,君悦花园,西郊,房本满五年,1375.0,83496.0,107108041746,https://sh.lianjia.com/ershoufang/107108041746.html,4室2厅,164.68,南 北,精装,中楼层(共8层),1996年
450,长宁,总监推荐！百年新华路电梯四房多得25平！,新华花苑,新华路,房本满五年,1358.0,92262.0,107108237828,https://sh.lianjia.com/ershoufang/107108237828.html,3室2厅,147.19,南 北,简装,低楼层(共6层),1996年
451,长宁,新天地河滨花园 2室2厅 南,新天地河滨花园,天山,房本满五年,1100.0,125399.0,107108512592,https://sh.lianjia.com/ershoufang/107108512592.html,2室2厅,87.72,南,精装,低楼层(共34层),2011年
452,长宁,一楼两房带天井，三轨交通勤方便，配套完善生活便利,仙乐小区,仙霞,房本满五年,390.0,70448.0,107108768008,https://sh.lianjia.com/ershoufang/107108768008.html,2室1厅,55.36,南,精装,低楼层(共6层),1985年
453,长宁,三年前价格 地铁口 南北两房 置换首XUAN,虹日小区,虹桥,,390.0,64979.0,107108529701,https://sh.lianjia.com/ershoufang/107108529701.html,2室0厅,60.02,南 北,简装,高楼层(共6层),1987年
454,长宁,满五，采光楼层好，稀有大2房，生活舒适,威宁小区,仙霞,房本满五年,540.0,74166.0,107108316969,https://sh.lianjia.com/ershoufang/107108316969.html,2室2厅,72.81,南,精装,中楼层(共6层),1991年
455,长宁,户型方正，精品小区，车位多，配套齐全,虹仙小区,仙霞,,330.0,68211.0,107106993166,https://sh.lianjia.com/ershoufang/107106993166.html,1室1厅,48.38,南,简装,中楼层(共6层),1990年
456,长宁,房子满五，精装房，全明户型格局方正，小区环境舒适,协和苑,北新泾,房本满五年,650.0,71816.0,107106890243,https://sh.lianjia.com/ershoufang/107106890243.html,2室2厅,90.51,南 北,精装,中楼层(共6层),2001年
457,长宁,虹桥城市花园小区花园静谧好房～,虹桥城市花园(公寓),古北,房本满五年,1750.0,95592.0,107107821708,https://sh.lianjia.com/ershoufang/107107821708.html,4室2厅,183.07,南,简装,低楼层(共8层),1999年
458,长宁,双南两房 户型正气 视野开阔 满五年,虹园八村,北新泾,房本满五年,399.0,62442.0,107105978943,https://sh.lianjia.com/ershoufang/107105978943.html,2室1厅,63.9,南,简装,高楼层(共6层),1994年
459,长宁,此房满五税费少，配套完善，交通便利，诚意出售！,虹园八村,北新泾,房本满五年,339.0,65647.0,107108383101,https://sh.lianjia.com/ershoufang/107108383101.html,2室1厅,51.64,南,精装,高楼层(共6层),1993年
460,长宁,此房满五，近地铁，中楼层，采光通风好,虹园八村,北新泾,房本满五年,218.0,59989.0,107109239136,https://sh.lianjia.com/ershoufang/107109239136.html,1室1厅,36.34,南,简装,高楼层(共6层),1993年
461,长宁,中山公园板块 1995年一T三户 优质小区,中山西路424弄,中山公园,房本满五年,428.0,74904.0,107109436472,https://sh.lianjia.com/ershoufang/107109436472.html,2室1厅,57.14,南 北,精装,高楼层(共6层),1994年
462,长宁,成熟商圈+低总价+满五年+诚意出售,联业大楼,中山公园,房本满五年,300.0,61038.0,107104461716,https://sh.lianjia.com/ershoufang/107104461716.html,1室0厅,49.15,东,简装,低楼层(共19层),1994年
463,长宁,三轨交汇，楼层好，南北通，户型全明，急售好看房,云雾山路551弄,中山公园,房本满五年,358.0,69895.0,107108718255,https://sh.lianjia.com/ershoufang/107108718255.html,2室0厅,51.22,南,精装,中楼层(共7层),1989年
464,长宁,96年房龄，1梯2户，西边套，三轨交地铁口,范东铁路小区,中山公园,,358.0,82775.0,107106777457,https://sh.lianjia.com/ershoufang/107106777457.html,1室1厅,43.25,南,精装,低楼层(共6层),1996年
465,长宁,边套全明小三房  户型好 看房方便,芙二小区,仙霞,房本满五年,460.0,70574.0,107108934051,https://sh.lianjia.com/ershoufang/107108934051.html,3室1厅,65.18,南,精装,高楼层(共6层),1986年
466,长宁,近地铁 精品小区 户型正气 全明小三房，花园位置！,虹纺小区,虹桥,房本满五年,530.0,75360.0,107108106613,https://sh.lianjia.com/ershoufang/107108106613.html,3室1厅,70.33,南,简装,高楼层(共6层),1987年
467,长宁,房子满五年为一，采光好近地铁随时看房居家装修,平和公寓,北新泾,,335.0,56848.0,107108130475,https://sh.lianjia.com/ershoufang/107108130475.html,2室1厅,58.93,南,精装,中楼层(共6层),1997年
468,长宁,三轨交通，美丽家园小区，低总价朝南1房1厅,玉屏小区,中山公园,房本满五年,245.0,65491.0,107109083038,https://sh.lianjia.com/ershoufang/107109083038.html,1室1厅,37.41,南,精装,高楼层(共7层),1989年
469,长宁,友谊小区 2室1厅 南,友谊小区,中山公园,房本满五年,410.0,67357.0,107109381606,https://sh.lianjia.com/ershoufang/107109381606.html,2室1厅,60.87,南,精装,高楼层(共6层),1984年
470,长宁,满五 南北通风 采光充足 配套齐全 近地铁 诚意出售,玉屏小区,中山公园,房本满五年,270.0,68062.0,107107060197,https://sh.lianjia.com/ershoufang/107107060197.html,1室1厅,39.67,南,简装,中楼层(共5层),1978年
471,长宁,此房装修好！可领包入住，业主诚意出售。,明珠大楼,古北,,1250.0,61909.0,107107925996,https://sh.lianjia.com/ershoufang/107107925996.html,3室2厅,201.91,东南,精装,中楼层(共22层),1994年
472,长宁,此房满五税少，1层2户，中楼层，小区品质高生活便利,爱建小区,虹桥,房本满五年,424.0,80000.0,107106363120,https://sh.lianjia.com/ershoufang/107106363120.html,2室1厅,53.0,南 北,简装,中楼层(共6层),1984年
473,长宁,精装边套全明小两房，两房朝东，朝南有边窗，采光好,安顺路285号,虹桥,,390.0,79076.0,107104948375,https://sh.lianjia.com/ershoufang/107104948375.html,2室0厅,49.32,南,精装,高楼层(共6层),1982年
474,长宁,原始2房一南一北，婚房装修，拎包入住，业主诚售,民心小区,中山公园,,420.0,86849.0,107108904044,https://sh.lianjia.com/ershoufang/107108904044.html,2室1厅,48.36,南,精装,低楼层(共6层),1987年
475,长宁,自住装修，保养好，楼层好，普通住宅，1个点个税,虹桥城市花园(公寓),古北,房本满五年,1162.0,104291.0,107108262844,https://sh.lianjia.com/ershoufang/107108262844.html,2室2厅,111.42,南,精装,中楼层(共11层),2001年
476,长宁,店长推荐：户型好（飞机户型），小区环境好，小区湖景,海逸公寓,天山,房本满五年,1290.0,91522.0,107108458479,https://sh.lianjia.com/ershoufang/107108458479.html,3室2厅,140.95,南,精装,低楼层(共18层),2005年
477,长宁,电梯房，两房一厅，采光好视野好，小区中间位置,馨虹小区,北新泾,,340.0,63080.0,107108615638,https://sh.lianjia.com/ershoufang/107108615638.html,2室1厅,53.9,南 北,精装,中楼层(共6层),1995年
478,长宁,方便楼层大三房，适合三代同堂，近绿苑，生活配套齐全,福泉苑,北新泾,房本满五年,950.0,69041.0,107109034682,https://sh.lianjia.com/ershoufang/107109034682.html,3室2厅,137.6,南,简装,低楼层(共6层),2001年
479,长宁,新世纪品质小区，楼层好视野好，业主诚意出售,新世纪广场,虹桥,房本满五年,950.0,63212.0,107108412195,https://sh.lianjia.com/ershoufang/107108412195.html,2室2厅,150.29,南,简装,中楼层(共19层),1995年
480,长宁,虹一小区，内环旁一南一北，交通方便近地铁,虹一小区,虹桥,,338.0,69320.0,107109333389,https://sh.lianjia.com/ershoufang/107109333389.html,2室0厅,48.76,南,简装,低楼层(共6层),1979年
481,长宁,飞机户型 沿步行街 景观佳 满五税费少 有车位,强生古北花园,古北,房本满五年,2100.0,132359.0,107109136693,https://sh.lianjia.com/ershoufang/107109136693.html,3室2厅,158.66,南,精装,低楼层(共20层),2007年
482,长宁,步行街大平层，两套打通，167平两套 带空中花园300平,强生古北花园,古北,房本满五年,2150.0,128497.0,107109579684,https://sh.lianjia.com/ershoufang/107109579684.html,3室2厅,167.32,南,精装,高楼层(共20层),2007年
483,长宁,新出笋盘，精选一房，交通便利，生活配套齐全,虹园八村,北新泾,,268.0,64860.0,107108299321,https://sh.lianjia.com/ershoufang/107108299321.html,1室1厅,41.32,南,简装,低楼层(共6层),1993年
484,长宁,步行街大平层，两套打通，单套167平米带空中花园300平,强生古北花园,古北,房本满五年,2150.0,128497.0,107109579668,https://sh.lianjia.com/ershoufang/107109579668.html,3室2厅,167.32,南,精装,高楼层(共20层),2007年
485,长宁,房东急售、中间楼层、位置好、双南采光好、近商场,金虹苑小区,北新泾,房本满五年,365.0,54731.0,107107897818,https://sh.lianjia.com/ershoufang/107107897818.html,2室1厅,66.69,南,简装,中楼层(共6层),1997年
486,长宁,2号线-电梯两房售后公房北新泾,沁秋小区,北新泾,房本满五年,435.0,62492.0,107106386275,https://sh.lianjia.com/ershoufang/107106386275.html,2室1厅,69.61,南,精装,高楼层(共6层),1995年
487,长宁,长宁古北10号线地铁口全南2房/总价低/商场旁/小区安静,东湖小区,古北,,708.0,99355.0,107105267476,https://sh.lianjia.com/ershoufang/107105267476.html,2室2厅,71.26,南,简装,高楼层(共6层),1997年
488,长宁,近地铁交通便利，南北通户型通风效果好，基础配套成熟,安龙大楼,天山,,320.0,58203.0,107107663205,https://sh.lianjia.com/ershoufang/107107663205.html,2室1厅,54.98,南,简装,中楼层(共12层),1991年
489,长宁,美丽家园完善 总价低 ，户型好 楼层好，停车方便,华松西区（仙霞西路700弄）,北新泾,,230.0,52440.0,107108340860,https://sh.lianjia.com/ershoufang/107108340860.html,1室1厅,43.86,南,毛坯,中楼层(共7层),1995年
490,长宁,新世纪品质小区，楼层好视野好，业主诚意出售,新世纪广场,虹桥,房本满五年,950.0,63212.0,107108412195,https://sh.lianjia.com/ershoufang/107108412195.html,2室2厅,150.29,南,简装,中楼层(共19层),1995年
491,长宁,大横厅采光棒，高区景观房，带车位诚意出售,泰荣苑,天山,,1150.0,86493.0,107109495412,https://sh.lianjia.com/ershoufang/107109495412.html,3室2厅,132.96,东南,精装,高楼层(共30层),2002年
492,长宁,五年前的价格+别墅区里的阔绰大三房+随时看房,西郊宝成花苑,西郊,房本满五年,1720.0,76766.0,107106464543,https://sh.lianjia.com/ershoufang/107106464543.html,3室2厅,224.06,南,简装,12层,2003年
493,长宁,户型正气+三开间朝南+总价低+一梯一户+安全性高,强生古北花园,古北,房本满五年,1950.0,127235.0,107108236290,https://sh.lianjia.com/ershoufang/107108236290.html,3室2厅,153.26,南,精装,中楼层(共18层),2007年
494,长宁,水霞小区 1室1厅 南,水霞小区,仙霞,房本满五年,339.0,69955.0,107108549573,https://sh.lianjia.com/ershoufang/107108549573.html,1室1厅,48.46,南,简装,高楼层(共6层),1988年
495,长宁,宋园路地铁口 采光好 视野好 双南两房,邮航小区,虹桥,房本满五年,400.0,83074.0,107107259774,https://sh.lianjia.com/ershoufang/107107259774.html,2室0厅,48.15,南,简装,中楼层(共5层),1981年
496,长宁,古北步行街品质3房 带车位 一梯一户 中高区 满五,强生古北花园,古北,房本满五年,2350.0,147929.0,107107301938,https://sh.lianjia.com/ershoufang/107107301938.html,3室2厅,158.86,南 北,精装,中楼层(共20层),2007年
497,长宁,精品示范小区/正对花园/视野开阔/采光充足/鸟语花香,威宁小区,仙霞,房本满五年,309.0,65550.0,107109151934,https://sh.lianjia.com/ershoufang/107109151934.html,1室0厅,47.14,南,精装,中楼层(共6层),1990年
498,长宁,金虹苑小区 2室2厅 南,金虹苑小区,北新泾,,538.0,64339.0,107108731972,https://sh.lianjia.com/ershoufang/107108731972.html,2室2厅,83.62,南,精装,中楼层(共6层),1995年
499,长宁,西郊百联近在咫尺，生活便利，交通便利,永馨小区,北新泾,房本满五年,260.0,55568.0,107108241951,https://sh.lianjia.com/ershoufang/107108241951.html,2室0厅,46.79,南,简装,高楼层(共6层),1993年
500,长宁,近百联西郊 小户型精装修两房 可拎包入住,永馨小区,北新泾,房本满五年,260.0,55568.0,107109137569,https://sh.lianjia.com/ershoufang/107109137569.html,2室0厅,46.79,南,精装,高楼层(共6层),1993年
501,长宁,此房双南，一梯两户，业主自住精装修，非顶楼,金虹苑小区,北新泾,,530.0,67413.0,107108166371,https://sh.lianjia.com/ershoufang/107108166371.html,2室1厅,78.62,南 北,精装,中楼层(共7层),1998年
502,长宁,南面有小露台+三房朝南动静分离+一梯一户+景观电梯,天山怡景苑,天山,房本满五年,1450.0,98232.0,107105547589,https://sh.lianjia.com/ershoufang/107105547589.html,3室2厅,147.61,南 北,精装,低楼层(共11层),2009年
503,长宁,强生古北花园 3室1厅 南,强生古北花园,古北,房本满五年,2480.0,148034.0,107108909743,https://sh.lianjia.com/ershoufang/107108909743.html,3室1厅,167.53,南,精装,高楼层(共20层),2007年
504,长宁,精品小区，停车方便。30万全屋定制精装修。,淞虹苑,北新泾,房本满五年,399.9,66264.0,107108520384,https://sh.lianjia.com/ershoufang/107108520384.html,2室2厅,60.35,南,精装,高楼层(共6层),1999年
505,长宁,背靠百年愚园路，闹中取静，中高区吗，采光视野好,宣化小区,中山公园,房本满五年,316.0,96607.0,107107735542,https://sh.lianjia.com/ershoufang/107107735542.html,1室0厅,32.71,南,简装,高楼层(共6层),1990年
506,长宁,威宁大楼 2室1厅 西南,威宁大楼,仙霞,房本满五年,420.0,55770.0,107108988297,https://sh.lianjia.com/ershoufang/107108988297.html,2室1厅,75.31,西南,简装,低楼层(共24层),1992年
507,长宁,小区无对手，高区采光杠杠滴，主卧朝南带阳台，随时看,大金更小区,仙霞,,220.0,63639.0,107109082641,https://sh.lianjia.com/ershoufang/107109082641.html,1室0厅,34.57,南,简装,高楼层(共6层),1988年
508,长宁,全屋地暖 中空调 东西向 满五为一高买进价可做低,仁恒河滨花园,天山,房本满五年,2300.0,107880.0,107108117185,https://sh.lianjia.com/ershoufang/107108117185.html,4室2厅,213.2,东 西,精装,21层,2004年
509,长宁,满五，视野好，无遮挡，诚意出售,茅台花苑,仙霞,房本满五年,479.0,68822.0,107107217816,https://sh.lianjia.com/ershoufang/107107217816.html,2室1厅,69.6,东南,简装,中楼层(共26层),1993年
510,长宁,近公园+近地铁+近菜市场 凤凰楼层，边套标准全明三房,虹古大楼,仙霞,房本满五年,698.0,69550.0,107108097938,https://sh.lianjia.com/ershoufang/107108097938.html,3室1厅,100.36,东南,精装,高楼层(共24层),1994年
511,长宁,中间层，业主诚意出售，户型方正,广顺小区,北新泾,房本满五年,310.0,58009.0,107108420247,https://sh.lianjia.com/ershoufang/107108420247.html,1室1厅,53.44,南,精装,中楼层(共6层),1998年
512,长宁,爱建小区南北两房采光无遮挡地铁站配套齐全,爱建小区,虹桥,房本满五年,395.0,74529.0,107108863121,https://sh.lianjia.com/ershoufang/107108863121.html,2室1厅,53.0,南,简装,中楼层(共6层),1984年
513,长宁,中二小区 1室1厅 南,中二小区,中山公园,房本满五年,499.0,109478.0,107108127712,https://sh.lianjia.com/ershoufang/107108127712.html,1室1厅,45.58,南,精装,低楼层(共7层),1990年
514,长宁,利星国际广场，06年小区，房龄新，满wu唯yi，税费少,利星国际广场,中山公园,房本满五年,1300.0,94546.0,107108182456,https://sh.lianjia.com/ershoufang/107108182456.html,3室2厅,137.5,南,精装,38层,2006年
515,长宁,宁强小区，双楠两房，满五年，诚意出售！,宁强小区,中山公园,房本满五年,498.0,80336.0,107107662002,https://sh.lianjia.com/ershoufang/107107662002.html,2室1厅,61.99,南,简装,高楼层(共6层),1994年
516,长宁,中山公园内环内三轨交-南北通电梯两房-售后公房-江五,银鑫大楼,中山公园,房本满五年,550.0,69183.0,107108428818,https://sh.lianjia.com/ershoufang/107108428818.html,2室1厅,79.5,东南,毛坯,低楼层(共24层),1989年
517,长宁,2 15线距离500米内，交通便利，八大综合体，配套齐全,茅台路191号,仙霞,房本满五年,750.0,74561.0,107109104271,https://sh.lianjia.com/ershoufang/107109104271.html,2室1厅,100.59,南,简装,高楼层(共6层),1993年
518,长宁,06年品质小区，满五年V一，精装修，高层视野采光好,利星国际广场,中山公园,房本满五年,1280.0,93139.0,107108041965,https://sh.lianjia.com/ershoufang/107108041965.html,3室2厅,137.43,南,精装,35层,2006年
519,长宁,三泾北宅小区 1室1厅 南,三泾北宅小区,中山公园,,320.0,83617.0,107108879998,https://sh.lianjia.com/ershoufang/107108879998.html,1室1厅,38.27,南,精装,高楼层(共6层),1993年
520,长宁,新上边套两房南北通透两年前精装修+1梯4户,安化路417号,中山公园,,415.0,68494.0,107109036245,https://sh.lianjia.com/ershoufang/107109036245.html,2室1厅,60.59,南 北,精装,高楼层(共7层),1989年
521,长宁,银鑫大楼 2室1厅 南,银鑫大楼,中山公园,,580.0,68770.0,107108067172,https://sh.lianjia.com/ershoufang/107108067172.html,2室1厅,84.34,南,简装,中楼层(共24层),1989年
522,长宁,地铁高性价一居室，税费少，拎包入住,程桥二村,西郊,房本满五年,210.0,56015.0,107108058366,https://sh.lianjia.com/ershoufang/107108058366.html,1室1厅,37.49,南,精装,高楼层(共6层),1989年
523,长宁,使用面积69平，高层视野棒，户型方正，售后公房税少,新联大楼,中山公园,房本满五年,620.0,89973.0,107108744879,https://sh.lianjia.com/ershoufang/107108744879.html,3室1厅,68.91,南,简装,中楼层(共17层),1988年
524,长宁,1梯2户双南双天井 全明户型 采光无遮挡 位置安静,遵义小区,中山公园,,528.0,87389.0,107107543895,https://sh.lianjia.com/ershoufang/107107543895.html,2室1厅,60.42,南,毛坯,低楼层(共5层),1994年
525,长宁,次顶楼全南两房，房型方正采光好，带子母车位，满五,御翠豪庭,古北,房本满五年,1569.0,137439.0,107107116126,https://sh.lianjia.com/ershoufang/107107116126.html,2室2厅,114.16,南,精装,高楼层(共27层),2008年
526,长宁,低总价，近地铁，电梯高区，诚意出售,长联大厦,中山公园,房本满五年,429.0,64376.0,107108727766,https://sh.lianjia.com/ershoufang/107108727766.html,2室1厅,66.64,东,精装,中楼层(共18层),1992年
527,长宁,美丽家园小区 干净整洁 边套全明 通透性好,清宁小区,中山公园,,398.0,78922.0,107108346262,https://sh.lianjia.com/ershoufang/107108346262.html,2室0厅,50.43,南,简装,高楼层(共6层),1982年
528,长宁,中山公园地铁口 品质小区 安静位置 全明户型 交通便利,圣约翰名邸,中山公园,房本满五年,1450.0,94890.0,107108162910,https://sh.lianjia.com/ershoufang/107108162910.html,3室2厅,152.81,南,精装,高楼层(共32层),2002年
529,长宁,两房客厅朝南 楼层高 户型好 大堂漂亮 配套交通方便,维多利亚(公寓),古北,,1100.0,77822.0,107107280566,https://sh.lianjia.com/ershoufang/107107280566.html,2室1厅,141.35,南,精装,高楼层(共23层),1996年
530,长宁,西郊品质好房推荐 高绿化 低容积 中间楼层大三房,虹桥怡景苑,西郊,房本满五年,1296.0,87109.0,107108712475,https://sh.lianjia.com/ershoufang/107108712475.html,3室2厅,148.78,南 北,简装,中楼层(共5层),2002年
531,长宁,低楼层，南北双房，采光好，满五,金虹苑小区,北新泾,房本满五年,481.0,64288.0,107108781151,https://sh.lianjia.com/ershoufang/107108781151.html,2室1厅,74.82,南,简装,低楼层(共7层),1998年
532,长宁,NEW~钻石地段！户型方正  业主诚意出售！,佳信都市花园(公寓),新华路,房本满五年,1150.0,79618.0,107109063576,https://sh.lianjia.com/ershoufang/107109063576.html,3室2厅,144.44,东南,简装,中楼层(共15层),1997年
533,长宁,虹梅花苑在售大三房，不靠高架，带花园。,虹梅花苑,西郊,房本满五年,472.0,61395.0,107105612565,https://sh.lianjia.com/ershoufang/107105612565.html,3室1厅,76.88,南,简装,低楼层(共6层),1995年
534,长宁,3楼急卖，低于市场夹，只有契税，随时看房,宁康小区,中山公园,房本满五年,386.0,80183.0,107107921447,https://sh.lianjia.com/ershoufang/107107921447.html,2室1厅,48.14,南 北,简装,中楼层(共6层),1990年
535,长宁,内环边中山公园商圈 此房满五 位置安静 南北通透,虹桥河滨花园,中山公园,房本满五年,1700.0,103963.0,107108380287,https://sh.lianjia.com/ershoufang/107108380287.html,3室1厅,163.52,南 北,简装,低楼层(共30层),2004年
536,长宁,强家渡小区 2室1厅 南,强家渡小区,中山公园,,420.0,86278.0,107109384081,https://sh.lianjia.com/ershoufang/107109384081.html,2室1厅,48.68,南,精装,高楼层(共6层),1987年
537,长宁,交通发达，花园安静！户型棒，视野亮，采光好！税少！,虹梅花苑,西郊,房本满五年,360.0,60302.0,107107495994,https://sh.lianjia.com/ershoufang/107107495994.html,2室1厅,59.7,南 北,精装,高楼层(共5层),1994年
538,长宁,精品小区改造全明满五年交通方便,友谊小区,中山公园,房本满五年,399.0,65604.0,107108454071,https://sh.lianjia.com/ershoufang/107108454071.html,3室1厅,60.82,南,简装,高楼层(共6层),1983年
539,长宁,此房满五，总价可谈，买进价低无个税,钻石公寓,古北,房本满五年,666.0,63733.0,107108527730,https://sh.lianjia.com/ershoufang/107108527730.html,2室1厅,104.5,南 西南,简装,高楼层(共6层),1992年
